"GroupID","GroupLevel","Numerator","Denominator","Metric","Score","Flag"
"0X8743","Site",8,30,0.266666666666667,2.72100342003275,1
"0X7497","Site",15,86,0.174418604651163,2.28504437452562,1
"0X2413","Site",25,171,0.146198830409357,2.22052457535332,1
"0X4264","Site",43,349,0.123209169054441,2.00655760317849,1
"0X8786","Site",44,651,0.0675883256528418,-1.11139765308662,-1
"0X6603","Site",32,500,0.064,-1.19179390709494,-1
"0X759","Site",22,363,0.0606060606060606,-1.19098632740406,-1
"0X9360","Site",26,435,0.0597701149425287,-1.35108397023134,-1
"0X7011","Site",17,285,0.0596491228070175,-1.09914816813836,-1
"0X3676","Site",16,277,0.0577617328519856,-1.16887223198226,-1
"0X8351","Site",16,280,0.0571428571428571,-1.20329274816117,-1
"0X4874","Site",22,402,0.054726368159204,-1.57330655770663,-1
"0X8354","Site",17,315,0.053968253968254,-1.42921413986486,-1
"0X9346","Site",9,181,0.0497237569060773,-1.23837419050554,-1
"0X1597","Site",6,121,0.0495867768595041,-1.0166136618329,-1
"0X8788","Site",11,251,0.0438247011952191,-1.71197673553269,-1
"0X1084","Site",3,78,0.0384615384615385,-1.08291397267302,-1
"0X539","Site",2,61,0.0327868852459016,-1.07795634558917,-1
"0X8964","Site",1,42,0.0238095238095238,-1.05237363183697,-1
"0X6666","Site",1,43,0.0232558139534884,-1.07468333295452,-1
"0X8318","Site",0,46,0,-1.53965173200525,-1
"0X5521","Site",9,55,0.163636363636364,1.6103326240256,0
"0X5603","Site",9,58,0.155172413793103,1.4787098333925,0
"0X1053","Site",6,39,0.153846153846154,1.19007392815861,0
"0X8379","Site",6,39,0.153846153846154,1.19007392815861,0
"0X4464","Site",7,47,0.148936170212766,1.21507924576781,0
"0X717","Site",5,35,0.142857142857143,0.950936791100772,0
"0X8219","Site",13,91,0.142857142857143,1.53333950243887,0
"0X5502","Site",14,100,0.14,1.52982716632151,0
"0X1323","Site",10,73,0.136986301369863,1.2371960939243,0
"0X9830","Site",8,61,0.131147540983607,1.00717168980968,0
"0X5434","Site",11,85,0.129411764705882,1.14547149029412,0
"0X2901","Site",16,124,0.129032258064516,1.37205036041995,0
"0X4071","Site",18,147,0.122448979591837,1.27724313325939,0
"0X3999","Site",8,67,0.119402985074627,0.794615328893851,0
"0X7041","Site",5,42,0.119047619047619,0.622884523628559,0
"0X4698","Site",7,60,0.116666666666667,0.69443149106665,0
"0X4014","Site",23,199,0.115577889447236,1.2229909511939,0
"0X4695","Site",9,82,0.109756097560976,0.641971178023654,0
"0X213","Site",54,500,0.108,1.47865377148257,0
"0X101","Site",28,261,0.10727969348659,1.03673572820083,0
"0X6948","Site",12,112,0.107142857142857,0.675205528683804,0
"0X4741","Site",6,57,0.105263157894737,0.443167673546785,0
"0X9858","Site",39,374,0.10427807486631,1.08347680764765,0
"0X4959","Site",65,624,0.104166666666667,1.39195671307898,0
"0X8625","Site",51,496,0.102822580645161,1.15975881746879,0
"0X1068","Site",8,78,0.102564102564103,0.453715284050066,0
"0X4485","Site",63,620,0.101612903225806,1.21489524909312,0
"0X1536","Site",3,30,0.1,0.243263193777154,0
"0X5384","Site",18,183,0.0983606557377049,0.540623306163005,0
"0X8091","Site",34,350,0.0971428571428571,0.685820377881842,0
"0X2192","Site",51,525,0.0971428571428571,0.839954990506627,0
"0X1910","Site",46,474,0.0970464135021097,0.792415973785361,0
"0X3907","Site",16,168,0.0952380952380952,0.408139969524353,0
"0X8633","Site",46,483,0.0952380952380952,0.692034988154214,0
"0X4167","Site",16,169,0.0946745562130177,0.389468412240209,0
"0X1476","Site",14,148,0.0945945945945946,0.361827953122564,0
"0X3289","Site",22,233,0.0944206008583691,0.446784347455318,0
"0X2323","Site",24,256,0.09375,0.439194430048359,0
"0X1982","Site",15,162,0.0925925925925926,0.309392668746058,0
"0X7983","Site",25,271,0.0922509225092251,0.384896761005859,0
"0X6405","Site",34,375,0.0906666666666667,0.369497733183489,0
"0X6381","Site",10,111,0.0900900900900901,0.184540618508657,0
"0X3461","Site",26,292,0.089041095890411,0.250657325814321,0
"0X2532","Site",42,472,0.0889830508474576,0.315260983638739,0
"0X3653","Site",20,226,0.0884955752212389,0.198258252363084,0
"0X7541","Site",3,34,0.0882352941176471,0.0727789118177453,0
"0X9142","Site",46,524,0.0877862595419847,0.257814941090594,0
"0X1183","Site",4,46,0.0869565217391304,0.0611128629757705,0
"0X2029","Site",16,185,0.0864864864864865,0.105204885573044,0
"0X9580","Site",31,362,0.0856353591160221,0.103211250946516,0
"0X7809","Site",38,444,0.0855855855855856,0.1114580756277,0
"0X8799","Site",32,376,0.0851063829787234,0.0773476571330292,0
"0X4323","Site",46,554,0.0830324909747292,-0.0386037408151675,0
"0X1043","Site",13,158,0.0822784810126582,-0.046340736650341,0
"0X5895","Site",56,688,0.0813953488372093,-0.15957378490462,0
"0X6900","Site",32,394,0.0812182741116751,-0.130297927779984,0
"0X8723","Site",18,222,0.0810810810810811,-0.103354323314963,0
"0X3120","Site",7,87,0.0804597701149425,-0.0804306227071167,0
"0X4590","Site",24,300,0.08,-0.170970544599926,0
"0X1750","Site",48,608,0.0789473684210526,-0.313844409966694,0
"0X5025","Site",3,38,0.0789473684210526,-0.0784611024916736,0
"0X1792","Site",8,102,0.0784313725490196,-0.142691887830754,0
"0X2331","Site",9,116,0.0775862068965517,-0.17687654428594,0
"0X7558","Site",3,39,0.0769230769230769,-0.113799232959634,0
"0X7592","Site",9,119,0.0756302521008403,-0.237062491457194,0
"0X2170","Site",24,320,0.075,-0.419345589960448,0
"0X3989","Site",42,572,0.0734265734265734,-0.662793065460738,0
"0X6927","Site",19,260,0.0730769230769231,-0.462157657328486,0
"0X6254","Site",10,137,0.072992700729927,-0.338153460790394,0
"0X3090","Site",25,344,0.0726744186046512,-0.551859873010994,0
"0X3909","Site",52,717,0.0725244072524407,-0.807628936671916,0
"0X958","Site",36,497,0.0724346076458753,-0.677838050505981,0
"0X8640","Site",11,152,0.0723684210526316,-0.377075201343506,0
"0X558","Site",15,208,0.0721153846153846,-0.451005951271457,0
"0X8517","Site",15,208,0.0721153846153846,-0.451005951271457,0
"0X4931","Site",3,42,0.0714285714285714,-0.214744554104206,0
"0X180","Site",21,299,0.0702341137123746,-0.629031573661807,0
"0X3203","Site",10,143,0.0699300699300699,-0.444884124505874,0
"0X4629","Site",25,359,0.0696378830083565,-0.719924114052283,0
"0X4110","Site",7,101,0.0693069306930693,-0.390884100247692,0
"0X9737","Site",32,462,0.0692640692640693,-0.838504446478143,0
"0X1257","Site",20,289,0.069204152249135,-0.665947559535744,0
"0X9216","Site",14,203,0.0689655172413793,-0.567363281134406,0
"0X8764","Site",22,322,0.0683229813664596,-0.745858782489689,0
"0X8847","Site",12,176,0.0681818181818182,-0.556506211748797,0
"0X3137","Site",10,150,0.0666666666666667,-0.564126077589222,0
"0X5033","Site",15,227,0.066079295154185,-0.717994395856849,0
"0X8929","Site",9,137,0.0656934306569343,-0.570045644940325,0
"0X4572","Site",7,107,0.0654205607476635,-0.511441515088996,0
"0X159","Site",5,77,0.0649350649350649,-0.445423018886819,0
"0X9423","Site",2,31,0.0645161290322581,-0.288954452633784,0
"0X5312","Site",6,95,0.0631578947368421,-0.541768837126117,0
"0X1020","Site",3,48,0.0625,-0.397470925577892,0
"0X6040","Site",13,214,0.0607476635514019,-0.908828362550199,0
"0X3127","Site",7,116,0.0603448275862069,-0.680896109949066,0
"0X9694","Site",3,50,0.06,-0.45364829785324,0
"0X2248","Site",9,155,0.0580645161290323,-0.864133872062026,0
"0X5854","Site",5,88,0.0568181818181818,-0.682847038606988,0
"0X7574","Site",3,54,0.0555555555555556,-0.560091469613262,0
"0X2961","Site",3,55,0.0545454545454545,-0.585586294681144,0
"0X2370","Site",4,74,0.0540540540540541,-0.690716937715043,0
"0X9389","Site",2,43,0.0465116279069767,-0.660767378263177,0
"0X9051","Site",1,39,0.0256410256410256,-0.983048007038466,0
"0X3773","Site",5,7,0.714285714285714,NA,NA
"0X3593","Site",2,5,0.4,NA,NA
"0X2882","Site",3,8,0.375,NA,NA
"0X3355","Site",7,27,0.259259259259259,NA,NA
"0X4089","Site",1,4,0.25,NA,NA
"0X5699","Site",2,9,0.222222222222222,NA,NA
"0X7126","Site",3,15,0.2,NA,NA
"0X3786","Site",3,17,0.176470588235294,NA,NA
"0X3844","Site",1,7,0.142857142857143,NA,NA
"0X3701","Site",2,14,0.142857142857143,NA,NA
"0X2481","Site",3,25,0.12,NA,NA
"0X1128","Site",2,18,0.111111111111111,NA,NA
"0X9501","Site",2,20,0.1,NA,NA
"0X3574","Site",2,28,0.0714285714285714,NA,NA
"0X2572","Site",1,14,0.0714285714285714,NA,NA
"0X7373","Site",1,17,0.0588235294117647,NA,NA
"0X1268","Site",1,18,0.0555555555555556,NA,NA
"0X1048","Site",1,19,0.0526315789473684,NA,NA
"0X8771","Site",1,21,0.0476190476190476,NA,NA
"0X7958","Site",1,27,0.037037037037037,NA,NA
"0X9788","Site",0,18,0,NA,NA
"0X7002","Site",0,13,0,NA,NA
