"GroupID","Param","Value","GroupLevel"
"AA-AA-000-0000","studyid","AA-AA-000-0000","Study"
"AA-AA-000-0000","nickname","TREE-37","Study"
"AA-AA-000-0000","protocol_title","Protocol Title U","Study"
"AA-AA-000-0000","status","Active","Study"
"AA-AA-000-0000","num_plan_site","150","Study"
"AA-AA-000-0000","num_plan_subj","1000","Study"
"AA-AA-000-0000","act_fpfv","2012-01-15","Study"
"AA-AA-000-0000","est_fpfv","2012-01-20","Study"
"AA-AA-000-0000","est_lplv","2012-07-04","Study"
"AA-AA-000-0000","est_lpfv","2012-03-18","Study"
"AA-AA-000-0000","db_lock_dt","2012-03-29","Study"
"AA-AA-000-0000","therapeutic_area","Virology","Study"
"AA-AA-000-0000","protocol_indication","Cardiovascular Health","Study"
"AA-AA-000-0000","phase","P4","Study"
"AA-AA-000-0000","product","Product Name 14","Study"
"AA-AA-000-0000","SiteTarget","150","Study"
"AA-AA-000-0000","ParticipantTarget","1000","Study"
"AA-AA-000-0000","ParticipantCount","760","Study"
"AA-AA-000-0000","SiteCount","145","Study"
"AA-AA-000-0000","PercentSitesActivated","96.7","Study"
"AA-AA-000-0000","SiteActivation","145 / 150 (96.7%)","Study"
"AA-AA-000-0000","PercentParticipantsEnrolled","76","Study"
"AA-AA-000-0000","ParticipantEnrollment","760 / 1000 (76%)","Study"
"0X7543","studyid","AA-AA-000-0000","Site"
"0X7543","invid","0X7543","Site"
"0X7543","InvestigatorFirstName","John","Site"
"0X7543","InvestigatorLastName","Smith","Site"
"0X7543","site_status","Active","Site"
"0X7543","City","London","Site"
"0X7543","State","Greater London","Site"
"0X7543","Country","UK","Site"
"0X7543","site_active_dt","2012-01-01","Site"
"0X2996","studyid","AA-AA-000-0000","Site"
"0X2996","invid","0X2996","Site"
"0X2996","InvestigatorFirstName","Fred","Site"
"0X2996","InvestigatorLastName","Smith","Site"
"0X2996","site_status","Active","Site"
"0X2996","City","Milton Keynes","Site"
"0X2996","State","Buckinghamshire","Site"
"0X2996","Country","UK","Site"
"0X2996","site_active_dt","2012-01-01","Site"
"0X4621","studyid","AA-AA-000-0000","Site"
"0X4621","invid","0X4621","Site"
"0X4621","InvestigatorFirstName","Fred","Site"
"0X4621","InvestigatorLastName","Deer","Site"
"0X4621","site_status","Active","Site"
"0X4621","City","Newtown Square","Site"
"0X4621","State","PA","Site"
"0X4621","Country","US","Site"
"0X4621","site_active_dt","2012-01-01","Site"
"0X7206","studyid","AA-AA-000-0000","Site"
"0X7206","invid","0X7206","Site"
"0X7206","InvestigatorFirstName","John","Site"
"0X7206","InvestigatorLastName","Doe","Site"
"0X7206","site_status","Active","Site"
"0X7206","City","Tokyo","Site"
"0X7206","State","Kanto","Site"
"0X7206","Country","Japan","Site"
"0X7206","site_active_dt","2012-01-01","Site"
"0X1570","studyid","AA-AA-000-0000","Site"
"0X1570","invid","0X1570","Site"
"0X1570","InvestigatorFirstName","Fred","Site"
"0X1570","InvestigatorLastName","Smith","Site"
"0X1570","site_status","Active","Site"
"0X1570","City","Newtown Square","Site"
"0X1570","State","PA","Site"
"0X1570","Country","US","Site"
"0X1570","site_active_dt","2012-01-01","Site"
"0X707","studyid","AA-AA-000-0000","Site"
"0X707","invid","0X707","Site"
"0X707","InvestigatorFirstName","Fred","Site"
"0X707","InvestigatorLastName","Smith","Site"
"0X707","site_status","Active","Site"
"0X707","City","London","Site"
"0X707","State","Greater London","Site"
"0X707","Country","UK","Site"
"0X707","site_active_dt","2012-01-01","Site"
"0X9845","studyid","AA-AA-000-0000","Site"
"0X9845","invid","0X9845","Site"
"0X9845","InvestigatorFirstName","Joanne","Site"
"0X9845","InvestigatorLastName","Smith","Site"
"0X9845","site_status","Active","Site"
"0X9845","City","Newtown Square","Site"
"0X9845","State","PA","Site"
"0X9845","Country","US","Site"
"0X9845","site_active_dt","2012-01-01","Site"
"0X5705","studyid","AA-AA-000-0000","Site"
"0X5705","invid","0X5705","Site"
"0X5705","InvestigatorFirstName","John","Site"
"0X5705","InvestigatorLastName","Doe","Site"
"0X5705","site_status","Active","Site"
"0X5705","City","Tokyo","Site"
"0X5705","State","Kanto","Site"
"0X5705","Country","Japan","Site"
"0X5705","site_active_dt","2012-01-01","Site"
"0X1505","studyid","AA-AA-000-0000","Site"
"0X1505","invid","0X1505","Site"
"0X1505","InvestigatorFirstName","Fred","Site"
"0X1505","InvestigatorLastName","Smith","Site"
"0X1505","site_status","Active","Site"
"0X1505","City","Newtown Square","Site"
"0X1505","State","PA","Site"
"0X1505","Country","US","Site"
"0X1505","site_active_dt","2012-01-01","Site"
"0X7472","studyid","AA-AA-000-0000","Site"
"0X7472","invid","0X7472","Site"
"0X7472","InvestigatorFirstName","Fred","Site"
"0X7472","InvestigatorLastName","Deer","Site"
"0X7472","site_status","Active","Site"
"0X7472","City","Tokyo","Site"
"0X7472","State","Kanto","Site"
"0X7472","Country","Japan","Site"
"0X7472","site_active_dt","2012-01-01","Site"
"0X2131","studyid","AA-AA-000-0000","Site"
"0X2131","invid","0X2131","Site"
"0X2131","InvestigatorFirstName","John","Site"
"0X2131","InvestigatorLastName","Deer","Site"
"0X2131","site_status","Active","Site"
"0X2131","City","Newtown Square","Site"
"0X2131","State","PA","Site"
"0X2131","Country","US","Site"
"0X2131","site_active_dt","2012-01-01","Site"
"0X9046","studyid","AA-AA-000-0000","Site"
"0X9046","invid","0X9046","Site"
"0X9046","InvestigatorFirstName","John","Site"
"0X9046","InvestigatorLastName","Smith","Site"
"0X9046","site_status","Active","Site"
"0X9046","City","Foster City","Site"
"0X9046","State","CA","Site"
"0X9046","Country","US","Site"
"0X9046","site_active_dt","2012-01-01","Site"
"0X1012","studyid","AA-AA-000-0000","Site"
"0X1012","invid","0X1012","Site"
"0X1012","InvestigatorFirstName","Fred","Site"
"0X1012","InvestigatorLastName","Doe","Site"
"0X1012","site_status","Active","Site"
"0X1012","City","London","Site"
"0X1012","State","Greater London","Site"
"0X1012","Country","UK","Site"
"0X1012","site_active_dt","2012-01-01","Site"
"0X2521","studyid","AA-AA-000-0000","Site"
"0X2521","invid","0X2521","Site"
"0X2521","InvestigatorFirstName","John","Site"
"0X2521","InvestigatorLastName","Deer","Site"
"0X2521","site_status","Active","Site"
"0X2521","City","Tokyo","Site"
"0X2521","State","Kanto","Site"
"0X2521","Country","Japan","Site"
"0X2521","site_active_dt","2012-01-01","Site"
"0X8530","studyid","AA-AA-000-0000","Site"
"0X8530","invid","0X8530","Site"
"0X8530","InvestigatorFirstName","John","Site"
"0X8530","InvestigatorLastName","Deer","Site"
"0X8530","site_status","Active","Site"
"0X8530","City","London","Site"
"0X8530","State","Greater London","Site"
"0X8530","Country","UK","Site"
"0X8530","site_active_dt","2012-01-01","Site"
"0X4131","studyid","AA-AA-000-0000","Site"
"0X4131","invid","0X4131","Site"
"0X4131","InvestigatorFirstName","Joanne","Site"
"0X4131","InvestigatorLastName","Doe","Site"
"0X4131","site_status","Active","Site"
"0X4131","City","Tokyo","Site"
"0X4131","State","Kanto","Site"
"0X4131","Country","Japan","Site"
"0X4131","site_active_dt","2012-01-01","Site"
"0X9779","studyid","AA-AA-000-0000","Site"
"0X9779","invid","0X9779","Site"
"0X9779","InvestigatorFirstName","John","Site"
"0X9779","InvestigatorLastName","Smith","Site"
"0X9779","site_status","Active","Site"
"0X9779","City","London","Site"
"0X9779","State","Greater London","Site"
"0X9779","Country","UK","Site"
"0X9779","site_active_dt","2012-01-01","Site"
"0X108","studyid","AA-AA-000-0000","Site"
"0X108","invid","0X108","Site"
"0X108","InvestigatorFirstName","John","Site"
"0X108","InvestigatorLastName","Smith","Site"
"0X108","site_status","Active","Site"
"0X108","City","Newtown Square","Site"
"0X108","State","PA","Site"
"0X108","Country","US","Site"
"0X108","site_active_dt","2012-01-01","Site"
"0X2106","studyid","AA-AA-000-0000","Site"
"0X2106","invid","0X2106","Site"
"0X2106","InvestigatorFirstName","Fred","Site"
"0X2106","InvestigatorLastName","Doe","Site"
"0X2106","site_status","Active","Site"
"0X2106","City","Kumamoto","Site"
"0X2106","State","Kumamoto Prefecture","Site"
"0X2106","Country","Japan","Site"
"0X2106","site_active_dt","2012-01-01","Site"
"0X8743","studyid","AA-AA-000-0000","Site"
"0X8743","invid","0X8743","Site"
"0X8743","InvestigatorFirstName","Joanne","Site"
"0X8743","InvestigatorLastName","Doe","Site"
"0X8743","site_status","Active","Site"
"0X8743","City","Milton Keynes","Site"
"0X8743","State","Buckinghamshire","Site"
"0X8743","Country","UK","Site"
"0X8743","site_active_dt","2012-01-01","Site"
"0X9062","studyid","AA-AA-000-0000","Site"
"0X9062","invid","0X9062","Site"
"0X9062","InvestigatorFirstName","Joanne","Site"
"0X9062","InvestigatorLastName","Smith","Site"
"0X9062","site_status","Active","Site"
"0X9062","City","London","Site"
"0X9062","State","Greater London","Site"
"0X9062","Country","UK","Site"
"0X9062","site_active_dt","2012-01-01","Site"
"0X5562","studyid","AA-AA-000-0000","Site"
"0X5562","invid","0X5562","Site"
"0X5562","InvestigatorFirstName","Joanne","Site"
"0X5562","InvestigatorLastName","Smith","Site"
"0X5562","site_status","Active","Site"
"0X5562","City","Tokyo","Site"
"0X5562","State","Kanto","Site"
"0X5562","Country","Japan","Site"
"0X5562","site_active_dt","2012-01-01","Site"
"0X7795","studyid","AA-AA-000-0000","Site"
"0X7795","invid","0X7795","Site"
"0X7795","InvestigatorFirstName","Fred","Site"
"0X7795","InvestigatorLastName","Smith","Site"
"0X7795","site_status","Active","Site"
"0X7795","City","Milton Keynes","Site"
"0X7795","State","Buckinghamshire","Site"
"0X7795","Country","UK","Site"
"0X7795","site_active_dt","2012-01-01","Site"
"0X6533","studyid","AA-AA-000-0000","Site"
"0X6533","invid","0X6533","Site"
"0X6533","InvestigatorFirstName","Fred","Site"
"0X6533","InvestigatorLastName","Smith","Site"
"0X6533","site_status","Active","Site"
"0X6533","City","London","Site"
"0X6533","State","Greater London","Site"
"0X6533","Country","UK","Site"
"0X6533","site_active_dt","2012-01-01","Site"
"0X3137","studyid","AA-AA-000-0000","Site"
"0X3137","invid","0X3137","Site"
"0X3137","InvestigatorFirstName","John","Site"
"0X3137","InvestigatorLastName","Deer","Site"
"0X3137","site_status","Active","Site"
"0X3137","City","Milton Keynes","Site"
"0X3137","State","Buckinghamshire","Site"
"0X3137","Country","UK","Site"
"0X3137","site_active_dt","2012-01-01","Site"
"0X5593","studyid","AA-AA-000-0000","Site"
"0X5593","invid","0X5593","Site"
"0X5593","InvestigatorFirstName","John","Site"
"0X5593","InvestigatorLastName","Deer","Site"
"0X5593","site_status","Active","Site"
"0X5593","City","Newtown Square","Site"
"0X5593","State","PA","Site"
"0X5593","Country","US","Site"
"0X5593","site_active_dt","2012-01-01","Site"
"0X8400","studyid","AA-AA-000-0000","Site"
"0X8400","invid","0X8400","Site"
"0X8400","InvestigatorFirstName","Joanne","Site"
"0X8400","InvestigatorLastName","Smith","Site"
"0X8400","site_status","Active","Site"
"0X8400","City","Milton Keynes","Site"
"0X8400","State","Buckinghamshire","Site"
"0X8400","Country","UK","Site"
"0X8400","site_active_dt","2012-01-01","Site"
"0X2896","studyid","AA-AA-000-0000","Site"
"0X2896","invid","0X2896","Site"
"0X2896","InvestigatorFirstName","Joanne","Site"
"0X2896","InvestigatorLastName","Deer","Site"
"0X2896","site_status","Active","Site"
"0X2896","City","Newtown Square","Site"
"0X2896","State","PA","Site"
"0X2896","Country","US","Site"
"0X2896","site_active_dt","2012-01-01","Site"
"0X1070","studyid","AA-AA-000-0000","Site"
"0X1070","invid","0X1070","Site"
"0X1070","InvestigatorFirstName","John","Site"
"0X1070","InvestigatorLastName","Smith","Site"
"0X1070","site_status","Active","Site"
"0X1070","City","Tokyo","Site"
"0X1070","State","Kanto","Site"
"0X1070","Country","Japan","Site"
"0X1070","site_active_dt","2012-01-01","Site"
"0X3959","studyid","AA-AA-000-0000","Site"
"0X3959","invid","0X3959","Site"
"0X3959","InvestigatorFirstName","John","Site"
"0X3959","InvestigatorLastName","Doe","Site"
"0X3959","site_status","Active","Site"
"0X3959","City","Kumamoto","Site"
"0X3959","State","Kumamoto Prefecture","Site"
"0X3959","Country","Japan","Site"
"0X3959","site_active_dt","2012-01-01","Site"
"0X9066","studyid","AA-AA-000-0000","Site"
"0X9066","invid","0X9066","Site"
"0X9066","InvestigatorFirstName","John","Site"
"0X9066","InvestigatorLastName","Smith","Site"
"0X9066","site_status","Active","Site"
"0X9066","City","Milton Keynes","Site"
"0X9066","State","Buckinghamshire","Site"
"0X9066","Country","UK","Site"
"0X9066","site_active_dt","2012-01-01","Site"
"0X1175","studyid","AA-AA-000-0000","Site"
"0X1175","invid","0X1175","Site"
"0X1175","InvestigatorFirstName","Fred","Site"
"0X1175","InvestigatorLastName","Smith","Site"
"0X1175","site_status","Active","Site"
"0X1175","City","Kumamoto","Site"
"0X1175","State","Kumamoto Prefecture","Site"
"0X1175","Country","Japan","Site"
"0X1175","site_active_dt","2012-01-01","Site"
"0X9595","studyid","AA-AA-000-0000","Site"
"0X9595","invid","0X9595","Site"
"0X9595","InvestigatorFirstName","John","Site"
"0X9595","InvestigatorLastName","Smith","Site"
"0X9595","site_status","Active","Site"
"0X9595","City","Foster City","Site"
"0X9595","State","CA","Site"
"0X9595","Country","US","Site"
"0X9595","site_active_dt","2012-01-01","Site"
"0X5512","studyid","AA-AA-000-0000","Site"
"0X5512","invid","0X5512","Site"
"0X5512","InvestigatorFirstName","Joanne","Site"
"0X5512","InvestigatorLastName","Doe","Site"
"0X5512","site_status","Active","Site"
"0X5512","City","London","Site"
"0X5512","State","Greater London","Site"
"0X5512","Country","UK","Site"
"0X5512","site_active_dt","2012-01-01","Site"
"0X6774","studyid","AA-AA-000-0000","Site"
"0X6774","invid","0X6774","Site"
"0X6774","InvestigatorFirstName","Fred","Site"
"0X6774","InvestigatorLastName","Deer","Site"
"0X6774","site_status","Active","Site"
"0X6774","City","Kumamoto","Site"
"0X6774","State","Kumamoto Prefecture","Site"
"0X6774","Country","Japan","Site"
"0X6774","site_active_dt","2012-01-01","Site"
"0X2594","studyid","AA-AA-000-0000","Site"
"0X2594","invid","0X2594","Site"
"0X2594","InvestigatorFirstName","John","Site"
"0X2594","InvestigatorLastName","Deer","Site"
"0X2594","site_status","Active","Site"
"0X2594","City","London","Site"
"0X2594","State","Greater London","Site"
"0X2594","Country","UK","Site"
"0X2594","site_active_dt","2012-01-01","Site"
"0X5569","studyid","AA-AA-000-0000","Site"
"0X5569","invid","0X5569","Site"
"0X5569","InvestigatorFirstName","Joanne","Site"
"0X5569","InvestigatorLastName","Deer","Site"
"0X5569","site_status","Active","Site"
"0X5569","City","Tokyo","Site"
"0X5569","State","Kanto","Site"
"0X5569","Country","Japan","Site"
"0X5569","site_active_dt","2012-01-01","Site"
"0X2460","studyid","AA-AA-000-0000","Site"
"0X2460","invid","0X2460","Site"
"0X2460","InvestigatorFirstName","Fred","Site"
"0X2460","InvestigatorLastName","Smith","Site"
"0X2460","site_status","Active","Site"
"0X2460","City","London","Site"
"0X2460","State","Greater London","Site"
"0X2460","Country","UK","Site"
"0X2460","site_active_dt","2012-01-01","Site"
"0X1185","studyid","AA-AA-000-0000","Site"
"0X1185","invid","0X1185","Site"
"0X1185","InvestigatorFirstName","John","Site"
"0X1185","InvestigatorLastName","Smith","Site"
"0X1185","site_status","Active","Site"
"0X1185","City","Foster City","Site"
"0X1185","State","CA","Site"
"0X1185","Country","US","Site"
"0X1185","site_active_dt","2012-01-01","Site"
"0X8504","studyid","AA-AA-000-0000","Site"
"0X8504","invid","0X8504","Site"
"0X8504","InvestigatorFirstName","Joanne","Site"
"0X8504","InvestigatorLastName","Deer","Site"
"0X8504","site_status","Active","Site"
"0X8504","City","London","Site"
"0X8504","State","Greater London","Site"
"0X8504","Country","UK","Site"
"0X8504","site_active_dt","2012-02-01","Site"
"0X1713","studyid","AA-AA-000-0000","Site"
"0X1713","invid","0X1713","Site"
"0X1713","InvestigatorFirstName","Fred","Site"
"0X1713","InvestigatorLastName","Doe","Site"
"0X1713","site_status","Active","Site"
"0X1713","City","Foster City","Site"
"0X1713","State","CA","Site"
"0X1713","Country","US","Site"
"0X1713","site_active_dt","2012-02-01","Site"
"0X3469","studyid","AA-AA-000-0000","Site"
"0X3469","invid","0X3469","Site"
"0X3469","InvestigatorFirstName","Fred","Site"
"0X3469","InvestigatorLastName","Smith","Site"
"0X3469","site_status","Active","Site"
"0X3469","City","Tokyo","Site"
"0X3469","State","Kanto","Site"
"0X3469","Country","Japan","Site"
"0X3469","site_active_dt","2012-02-01","Site"
"0X6074","studyid","AA-AA-000-0000","Site"
"0X6074","invid","0X6074","Site"
"0X6074","InvestigatorFirstName","John","Site"
"0X6074","InvestigatorLastName","Smith","Site"
"0X6074","site_status","Active","Site"
"0X6074","City","London","Site"
"0X6074","State","Greater London","Site"
"0X6074","Country","UK","Site"
"0X6074","site_active_dt","2012-02-01","Site"
"0X5053","studyid","AA-AA-000-0000","Site"
"0X5053","invid","0X5053","Site"
"0X5053","InvestigatorFirstName","John","Site"
"0X5053","InvestigatorLastName","Smith","Site"
"0X5053","site_status","Active","Site"
"0X5053","City","Foster City","Site"
"0X5053","State","CA","Site"
"0X5053","Country","US","Site"
"0X5053","site_active_dt","2012-02-01","Site"
"0X3333","studyid","AA-AA-000-0000","Site"
"0X3333","invid","0X3333","Site"
"0X3333","InvestigatorFirstName","Fred","Site"
"0X3333","InvestigatorLastName","Doe","Site"
"0X3333","site_status","Active","Site"
"0X3333","City","Kumamoto","Site"
"0X3333","State","Kumamoto Prefecture","Site"
"0X3333","Country","Japan","Site"
"0X3333","site_active_dt","2012-02-01","Site"
"0X5362","studyid","AA-AA-000-0000","Site"
"0X5362","invid","0X5362","Site"
"0X5362","InvestigatorFirstName","Joanne","Site"
"0X5362","InvestigatorLastName","Smith","Site"
"0X5362","site_status","Active","Site"
"0X5362","City","Milton Keynes","Site"
"0X5362","State","Buckinghamshire","Site"
"0X5362","Country","UK","Site"
"0X5362","site_active_dt","2012-02-01","Site"
"0X4148","studyid","AA-AA-000-0000","Site"
"0X4148","invid","0X4148","Site"
"0X4148","InvestigatorFirstName","John","Site"
"0X4148","InvestigatorLastName","Smith","Site"
"0X4148","site_status","Active","Site"
"0X4148","City","Newtown Square","Site"
"0X4148","State","PA","Site"
"0X4148","Country","US","Site"
"0X4148","site_active_dt","2012-02-01","Site"
"0X930","studyid","AA-AA-000-0000","Site"
"0X930","invid","0X930","Site"
"0X930","InvestigatorFirstName","Fred","Site"
"0X930","InvestigatorLastName","Deer","Site"
"0X930","site_status","Active","Site"
"0X930","City","London","Site"
"0X930","State","Greater London","Site"
"0X930","Country","UK","Site"
"0X930","site_active_dt","2012-02-01","Site"
"0X8676","studyid","AA-AA-000-0000","Site"
"0X8676","invid","0X8676","Site"
"0X8676","InvestigatorFirstName","John","Site"
"0X8676","InvestigatorLastName","Smith","Site"
"0X8676","site_status","Active","Site"
"0X8676","City","Newtown Square","Site"
"0X8676","State","PA","Site"
"0X8676","Country","US","Site"
"0X8676","site_active_dt","2012-02-01","Site"
"0X7770","studyid","AA-AA-000-0000","Site"
"0X7770","invid","0X7770","Site"
"0X7770","InvestigatorFirstName","Fred","Site"
"0X7770","InvestigatorLastName","Smith","Site"
"0X7770","site_status","Active","Site"
"0X7770","City","Kumamoto","Site"
"0X7770","State","Kumamoto Prefecture","Site"
"0X7770","Country","Japan","Site"
"0X7770","site_active_dt","2012-02-01","Site"
"0X8997","studyid","AA-AA-000-0000","Site"
"0X8997","invid","0X8997","Site"
"0X8997","InvestigatorFirstName","Fred","Site"
"0X8997","InvestigatorLastName","Smith","Site"
"0X8997","site_status","Active","Site"
"0X8997","City","Foster City","Site"
"0X8997","State","CA","Site"
"0X8997","Country","US","Site"
"0X8997","site_active_dt","2012-02-01","Site"
"0X6710","studyid","AA-AA-000-0000","Site"
"0X6710","invid","0X6710","Site"
"0X6710","InvestigatorFirstName","Joanne","Site"
"0X6710","InvestigatorLastName","Smith","Site"
"0X6710","site_status","Active","Site"
"0X6710","City","Foster City","Site"
"0X6710","State","CA","Site"
"0X6710","Country","US","Site"
"0X6710","site_active_dt","2012-02-01","Site"
"0X4067","studyid","AA-AA-000-0000","Site"
"0X4067","invid","0X4067","Site"
"0X4067","InvestigatorFirstName","Fred","Site"
"0X4067","InvestigatorLastName","Smith","Site"
"0X4067","site_status","Active","Site"
"0X4067","City","Foster City","Site"
"0X4067","State","CA","Site"
"0X4067","Country","US","Site"
"0X4067","site_active_dt","2012-02-01","Site"
"0X4629","studyid","AA-AA-000-0000","Site"
"0X4629","invid","0X4629","Site"
"0X4629","InvestigatorFirstName","Joanne","Site"
"0X4629","InvestigatorLastName","Deer","Site"
"0X4629","site_status","Active","Site"
"0X4629","City","Kumamoto","Site"
"0X4629","State","Kumamoto Prefecture","Site"
"0X4629","Country","Japan","Site"
"0X4629","site_active_dt","2012-02-01","Site"
"0X1571","studyid","AA-AA-000-0000","Site"
"0X1571","invid","0X1571","Site"
"0X1571","InvestigatorFirstName","Fred","Site"
"0X1571","InvestigatorLastName","Smith","Site"
"0X1571","site_status","Active","Site"
"0X1571","City","Tokyo","Site"
"0X1571","State","Kanto","Site"
"0X1571","Country","Japan","Site"
"0X1571","site_active_dt","2012-02-01","Site"
"0X9626","studyid","AA-AA-000-0000","Site"
"0X9626","invid","0X9626","Site"
"0X9626","InvestigatorFirstName","John","Site"
"0X9626","InvestigatorLastName","Doe","Site"
"0X9626","site_status","Active","Site"
"0X9626","City","London","Site"
"0X9626","State","Greater London","Site"
"0X9626","Country","UK","Site"
"0X9626","site_active_dt","2012-02-01","Site"
"0X1464","studyid","AA-AA-000-0000","Site"
"0X1464","invid","0X1464","Site"
"0X1464","InvestigatorFirstName","Joanne","Site"
"0X1464","InvestigatorLastName","Doe","Site"
"0X1464","site_status","Active","Site"
"0X1464","City","Foster City","Site"
"0X1464","State","CA","Site"
"0X1464","Country","US","Site"
"0X1464","site_active_dt","2012-02-01","Site"
"0X7604","studyid","AA-AA-000-0000","Site"
"0X7604","invid","0X7604","Site"
"0X7604","InvestigatorFirstName","Fred","Site"
"0X7604","InvestigatorLastName","Deer","Site"
"0X7604","site_status","Active","Site"
"0X7604","City","Milton Keynes","Site"
"0X7604","State","Buckinghamshire","Site"
"0X7604","Country","UK","Site"
"0X7604","site_active_dt","2012-02-01","Site"
"0X8058","studyid","AA-AA-000-0000","Site"
"0X8058","invid","0X8058","Site"
"0X8058","InvestigatorFirstName","John","Site"
"0X8058","InvestigatorLastName","Smith","Site"
"0X8058","site_status","Active","Site"
"0X8058","City","London","Site"
"0X8058","State","Greater London","Site"
"0X8058","Country","UK","Site"
"0X8058","site_active_dt","2012-02-01","Site"
"0X5171","studyid","AA-AA-000-0000","Site"
"0X5171","invid","0X5171","Site"
"0X5171","InvestigatorFirstName","Joanne","Site"
"0X5171","InvestigatorLastName","Deer","Site"
"0X5171","site_status","Active","Site"
"0X5171","City","Milton Keynes","Site"
"0X5171","State","Buckinghamshire","Site"
"0X5171","Country","UK","Site"
"0X5171","site_active_dt","2012-02-01","Site"
"0X1365","studyid","AA-AA-000-0000","Site"
"0X1365","invid","0X1365","Site"
"0X1365","InvestigatorFirstName","Joanne","Site"
"0X1365","InvestigatorLastName","Deer","Site"
"0X1365","site_status","Active","Site"
"0X1365","City","Foster City","Site"
"0X1365","State","CA","Site"
"0X1365","Country","US","Site"
"0X1365","site_active_dt","2012-02-01","Site"
"0X3375","studyid","AA-AA-000-0000","Site"
"0X3375","invid","0X3375","Site"
"0X3375","InvestigatorFirstName","John","Site"
"0X3375","InvestigatorLastName","Smith","Site"
"0X3375","site_status","Active","Site"
"0X3375","City","Newtown Square","Site"
"0X3375","State","PA","Site"
"0X3375","Country","US","Site"
"0X3375","site_active_dt","2012-02-01","Site"
"0X8829","studyid","AA-AA-000-0000","Site"
"0X8829","invid","0X8829","Site"
"0X8829","InvestigatorFirstName","John","Site"
"0X8829","InvestigatorLastName","Smith","Site"
"0X8829","site_status","Active","Site"
"0X8829","City","Milton Keynes","Site"
"0X8829","State","Buckinghamshire","Site"
"0X8829","Country","UK","Site"
"0X8829","site_active_dt","2012-02-01","Site"
"0X4887","studyid","AA-AA-000-0000","Site"
"0X4887","invid","0X4887","Site"
"0X4887","InvestigatorFirstName","John","Site"
"0X4887","InvestigatorLastName","Doe","Site"
"0X4887","site_status","Active","Site"
"0X4887","City","Kumamoto","Site"
"0X4887","State","Kumamoto Prefecture","Site"
"0X4887","Country","Japan","Site"
"0X4887","site_active_dt","2012-02-01","Site"
"0X1167","studyid","AA-AA-000-0000","Site"
"0X1167","invid","0X1167","Site"
"0X1167","InvestigatorFirstName","Fred","Site"
"0X1167","InvestigatorLastName","Deer","Site"
"0X1167","site_status","Active","Site"
"0X1167","City","Newtown Square","Site"
"0X1167","State","PA","Site"
"0X1167","Country","US","Site"
"0X1167","site_active_dt","2012-02-01","Site"
"0X6937","studyid","AA-AA-000-0000","Site"
"0X6937","invid","0X6937","Site"
"0X6937","InvestigatorFirstName","Fred","Site"
"0X6937","InvestigatorLastName","Smith","Site"
"0X6937","site_status","Active","Site"
"0X6937","City","Kumamoto","Site"
"0X6937","State","Kumamoto Prefecture","Site"
"0X6937","Country","Japan","Site"
"0X6937","site_active_dt","2012-02-01","Site"
"0X6174","studyid","AA-AA-000-0000","Site"
"0X6174","invid","0X6174","Site"
"0X6174","InvestigatorFirstName","Joanne","Site"
"0X6174","InvestigatorLastName","Smith","Site"
"0X6174","site_status","Active","Site"
"0X6174","City","Kumamoto","Site"
"0X6174","State","Kumamoto Prefecture","Site"
"0X6174","Country","Japan","Site"
"0X6174","site_active_dt","2012-02-01","Site"
"0X2453","studyid","AA-AA-000-0000","Site"
"0X2453","invid","0X2453","Site"
"0X2453","InvestigatorFirstName","Joanne","Site"
"0X2453","InvestigatorLastName","Smith","Site"
"0X2453","site_status","Active","Site"
"0X2453","City","London","Site"
"0X2453","State","Greater London","Site"
"0X2453","Country","UK","Site"
"0X2453","site_active_dt","2012-02-01","Site"
"0X5558","studyid","AA-AA-000-0000","Site"
"0X5558","invid","0X5558","Site"
"0X5558","InvestigatorFirstName","Joanne","Site"
"0X5558","InvestigatorLastName","Doe","Site"
"0X5558","site_status","Active","Site"
"0X5558","City","Foster City","Site"
"0X5558","State","CA","Site"
"0X5558","Country","US","Site"
"0X5558","site_active_dt","2012-02-01","Site"
"0X6096","studyid","AA-AA-000-0000","Site"
"0X6096","invid","0X6096","Site"
"0X6096","InvestigatorFirstName","John","Site"
"0X6096","InvestigatorLastName","Doe","Site"
"0X6096","site_status","Active","Site"
"0X6096","City","Foster City","Site"
"0X6096","State","CA","Site"
"0X6096","Country","US","Site"
"0X6096","site_active_dt","2012-02-01","Site"
"0X1319","studyid","AA-AA-000-0000","Site"
"0X1319","invid","0X1319","Site"
"0X1319","InvestigatorFirstName","Fred","Site"
"0X1319","InvestigatorLastName","Smith","Site"
"0X1319","site_status","Active","Site"
"0X1319","City","Foster City","Site"
"0X1319","State","CA","Site"
"0X1319","Country","US","Site"
"0X1319","site_active_dt","2012-02-01","Site"
"0X9943","studyid","AA-AA-000-0000","Site"
"0X9943","invid","0X9943","Site"
"0X9943","InvestigatorFirstName","Joanne","Site"
"0X9943","InvestigatorLastName","Deer","Site"
"0X9943","site_status","Active","Site"
"0X9943","City","Tokyo","Site"
"0X9943","State","Kanto","Site"
"0X9943","Country","Japan","Site"
"0X9943","site_active_dt","2012-02-01","Site"
"0X5836","studyid","AA-AA-000-0000","Site"
"0X5836","invid","0X5836","Site"
"0X5836","InvestigatorFirstName","Fred","Site"
"0X5836","InvestigatorLastName","Doe","Site"
"0X5836","site_status","Active","Site"
"0X5836","City","Foster City","Site"
"0X5836","State","CA","Site"
"0X5836","Country","US","Site"
"0X5836","site_active_dt","2012-02-01","Site"
"0X2004","studyid","AA-AA-000-0000","Site"
"0X2004","invid","0X2004","Site"
"0X2004","InvestigatorFirstName","Joanne","Site"
"0X2004","InvestigatorLastName","Smith","Site"
"0X2004","site_status","Active","Site"
"0X2004","City","London","Site"
"0X2004","State","Greater London","Site"
"0X2004","Country","UK","Site"
"0X2004","site_active_dt","2012-02-01","Site"
"0X2587","studyid","AA-AA-000-0000","Site"
"0X2587","invid","0X2587","Site"
"0X2587","InvestigatorFirstName","John","Site"
"0X2587","InvestigatorLastName","Doe","Site"
"0X2587","site_status","Active","Site"
"0X2587","City","Tokyo","Site"
"0X2587","State","Kanto","Site"
"0X2587","Country","Japan","Site"
"0X2587","site_active_dt","2012-02-01","Site"
"0X2283","studyid","AA-AA-000-0000","Site"
"0X2283","invid","0X2283","Site"
"0X2283","InvestigatorFirstName","John","Site"
"0X2283","InvestigatorLastName","Smith","Site"
"0X2283","site_status","Active","Site"
"0X2283","City","Kumamoto","Site"
"0X2283","State","Kumamoto Prefecture","Site"
"0X2283","Country","Japan","Site"
"0X2283","site_active_dt","2012-02-01","Site"
"0X5729","studyid","AA-AA-000-0000","Site"
"0X5729","invid","0X5729","Site"
"0X5729","InvestigatorFirstName","Joanne","Site"
"0X5729","InvestigatorLastName","Smith","Site"
"0X5729","site_status","Active","Site"
"0X5729","City","Kumamoto","Site"
"0X5729","State","Kumamoto Prefecture","Site"
"0X5729","Country","Japan","Site"
"0X5729","site_active_dt","2012-02-01","Site"
"0X8950","studyid","AA-AA-000-0000","Site"
"0X8950","invid","0X8950","Site"
"0X8950","InvestigatorFirstName","Fred","Site"
"0X8950","InvestigatorLastName","Doe","Site"
"0X8950","site_status","Active","Site"
"0X8950","City","Newtown Square","Site"
"0X8950","State","PA","Site"
"0X8950","Country","US","Site"
"0X8950","site_active_dt","2012-02-01","Site"
"0X5111","studyid","AA-AA-000-0000","Site"
"0X5111","invid","0X5111","Site"
"0X5111","InvestigatorFirstName","Fred","Site"
"0X5111","InvestigatorLastName","Smith","Site"
"0X5111","site_status","Active","Site"
"0X5111","City","Newtown Square","Site"
"0X5111","State","PA","Site"
"0X5111","Country","US","Site"
"0X5111","site_active_dt","2012-02-01","Site"
"0X2913","studyid","AA-AA-000-0000","Site"
"0X2913","invid","0X2913","Site"
"0X2913","InvestigatorFirstName","Joanne","Site"
"0X2913","InvestigatorLastName","Deer","Site"
"0X2913","site_status","Active","Site"
"0X2913","City","Milton Keynes","Site"
"0X2913","State","Buckinghamshire","Site"
"0X2913","Country","UK","Site"
"0X2913","site_active_dt","2012-02-01","Site"
"0X2873","studyid","AA-AA-000-0000","Site"
"0X2873","invid","0X2873","Site"
"0X2873","InvestigatorFirstName","John","Site"
"0X2873","InvestigatorLastName","Deer","Site"
"0X2873","site_status","Active","Site"
"0X2873","City","Foster City","Site"
"0X2873","State","CA","Site"
"0X2873","Country","US","Site"
"0X2873","site_active_dt","2012-02-01","Site"
"0X4343","studyid","AA-AA-000-0000","Site"
"0X4343","invid","0X4343","Site"
"0X4343","InvestigatorFirstName","John","Site"
"0X4343","InvestigatorLastName","Doe","Site"
"0X4343","site_status","Active","Site"
"0X4343","City","London","Site"
"0X4343","State","Greater London","Site"
"0X4343","Country","UK","Site"
"0X4343","site_active_dt","2012-02-01","Site"
"0X8084","studyid","AA-AA-000-0000","Site"
"0X8084","invid","0X8084","Site"
"0X8084","InvestigatorFirstName","Joanne","Site"
"0X8084","InvestigatorLastName","Doe","Site"
"0X8084","site_status","Active","Site"
"0X8084","City","Foster City","Site"
"0X8084","State","CA","Site"
"0X8084","Country","US","Site"
"0X8084","site_active_dt","2012-02-01","Site"
"0X2967","studyid","AA-AA-000-0000","Site"
"0X2967","invid","0X2967","Site"
"0X2967","InvestigatorFirstName","Joanne","Site"
"0X2967","InvestigatorLastName","Doe","Site"
"0X2967","site_status","Active","Site"
"0X2967","City","Tokyo","Site"
"0X2967","State","Kanto","Site"
"0X2967","Country","Japan","Site"
"0X2967","site_active_dt","2012-02-01","Site"
"0X6380","studyid","AA-AA-000-0000","Site"
"0X6380","invid","0X6380","Site"
"0X6380","InvestigatorFirstName","John","Site"
"0X6380","InvestigatorLastName","Deer","Site"
"0X6380","site_status","Active","Site"
"0X6380","City","London","Site"
"0X6380","State","Greater London","Site"
"0X6380","Country","UK","Site"
"0X6380","site_active_dt","2012-02-01","Site"
"0X9184","studyid","AA-AA-000-0000","Site"
"0X9184","invid","0X9184","Site"
"0X9184","InvestigatorFirstName","John","Site"
"0X9184","InvestigatorLastName","Deer","Site"
"0X9184","site_status","Active","Site"
"0X9184","City","Foster City","Site"
"0X9184","State","CA","Site"
"0X9184","Country","US","Site"
"0X9184","site_active_dt","2012-02-01","Site"
"0X1154","studyid","AA-AA-000-0000","Site"
"0X1154","invid","0X1154","Site"
"0X1154","InvestigatorFirstName","Fred","Site"
"0X1154","InvestigatorLastName","Smith","Site"
"0X1154","site_status","Active","Site"
"0X1154","City","Newtown Square","Site"
"0X1154","State","PA","Site"
"0X1154","Country","US","Site"
"0X1154","site_active_dt","2012-02-01","Site"
"0X8213","studyid","AA-AA-000-0000","Site"
"0X8213","invid","0X8213","Site"
"0X8213","InvestigatorFirstName","John","Site"
"0X8213","InvestigatorLastName","Deer","Site"
"0X8213","site_status","Active","Site"
"0X8213","City","Foster City","Site"
"0X8213","State","CA","Site"
"0X8213","Country","US","Site"
"0X8213","site_active_dt","2012-02-01","Site"
"0X8040","studyid","AA-AA-000-0000","Site"
"0X8040","invid","0X8040","Site"
"0X8040","InvestigatorFirstName","Fred","Site"
"0X8040","InvestigatorLastName","Smith","Site"
"0X8040","site_status","Active","Site"
"0X8040","City","Tokyo","Site"
"0X8040","State","Kanto","Site"
"0X8040","Country","Japan","Site"
"0X8040","site_active_dt","2012-02-01","Site"
"0X853","studyid","AA-AA-000-0000","Site"
"0X853","invid","0X853","Site"
"0X853","InvestigatorFirstName","John","Site"
"0X853","InvestigatorLastName","Doe","Site"
"0X853","site_status","Active","Site"
"0X853","City","Foster City","Site"
"0X853","State","CA","Site"
"0X853","Country","US","Site"
"0X853","site_active_dt","2012-02-01","Site"
"0X9913","studyid","AA-AA-000-0000","Site"
"0X9913","invid","0X9913","Site"
"0X9913","InvestigatorFirstName","Fred","Site"
"0X9913","InvestigatorLastName","Doe","Site"
"0X9913","site_status","Active","Site"
"0X9913","City","Kumamoto","Site"
"0X9913","State","Kumamoto Prefecture","Site"
"0X9913","Country","Japan","Site"
"0X9913","site_active_dt","2012-02-01","Site"
"0X1903","studyid","AA-AA-000-0000","Site"
"0X1903","invid","0X1903","Site"
"0X1903","InvestigatorFirstName","Joanne","Site"
"0X1903","InvestigatorLastName","Deer","Site"
"0X1903","site_status","Active","Site"
"0X1903","City","Tokyo","Site"
"0X1903","State","Kanto","Site"
"0X1903","Country","Japan","Site"
"0X1903","site_active_dt","2012-02-01","Site"
"0X2779","studyid","AA-AA-000-0000","Site"
"0X2779","invid","0X2779","Site"
"0X2779","InvestigatorFirstName","John","Site"
"0X2779","InvestigatorLastName","Smith","Site"
"0X2779","site_status","Active","Site"
"0X2779","City","Newtown Square","Site"
"0X2779","State","PA","Site"
"0X2779","Country","US","Site"
"0X2779","site_active_dt","2012-02-01","Site"
"0X8706","studyid","AA-AA-000-0000","Site"
"0X8706","invid","0X8706","Site"
"0X8706","InvestigatorFirstName","John","Site"
"0X8706","InvestigatorLastName","Doe","Site"
"0X8706","site_status","Active","Site"
"0X8706","City","Milton Keynes","Site"
"0X8706","State","Buckinghamshire","Site"
"0X8706","Country","UK","Site"
"0X8706","site_active_dt","2012-02-01","Site"
"0X5907","studyid","AA-AA-000-0000","Site"
"0X5907","invid","0X5907","Site"
"0X5907","InvestigatorFirstName","Fred","Site"
"0X5907","InvestigatorLastName","Smith","Site"
"0X5907","site_status","Active","Site"
"0X5907","City","London","Site"
"0X5907","State","Greater London","Site"
"0X5907","Country","UK","Site"
"0X5907","site_active_dt","2012-03-01","Site"
"0X958","studyid","AA-AA-000-0000","Site"
"0X958","invid","0X958","Site"
"0X958","InvestigatorFirstName","Joanne","Site"
"0X958","InvestigatorLastName","Doe","Site"
"0X958","site_status","Active","Site"
"0X958","City","Kumamoto","Site"
"0X958","State","Kumamoto Prefecture","Site"
"0X958","Country","Japan","Site"
"0X958","site_active_dt","2012-03-01","Site"
"0X6252","studyid","AA-AA-000-0000","Site"
"0X6252","invid","0X6252","Site"
"0X6252","InvestigatorFirstName","John","Site"
"0X6252","InvestigatorLastName","Deer","Site"
"0X6252","site_status","Active","Site"
"0X6252","City","Milton Keynes","Site"
"0X6252","State","Buckinghamshire","Site"
"0X6252","Country","UK","Site"
"0X6252","site_active_dt","2012-03-01","Site"
"0X7767","studyid","AA-AA-000-0000","Site"
"0X7767","invid","0X7767","Site"
"0X7767","InvestigatorFirstName","Joanne","Site"
"0X7767","InvestigatorLastName","Smith","Site"
"0X7767","site_status","Active","Site"
"0X7767","City","Foster City","Site"
"0X7767","State","CA","Site"
"0X7767","Country","US","Site"
"0X7767","site_active_dt","2012-03-01","Site"
"0X5267","studyid","AA-AA-000-0000","Site"
"0X5267","invid","0X5267","Site"
"0X5267","InvestigatorFirstName","Joanne","Site"
"0X5267","InvestigatorLastName","Deer","Site"
"0X5267","site_status","Active","Site"
"0X5267","City","Milton Keynes","Site"
"0X5267","State","Buckinghamshire","Site"
"0X5267","Country","UK","Site"
"0X5267","site_active_dt","2012-03-01","Site"
"0X4046","studyid","AA-AA-000-0000","Site"
"0X4046","invid","0X4046","Site"
"0X4046","InvestigatorFirstName","John","Site"
"0X4046","InvestigatorLastName","Smith","Site"
"0X4046","site_status","Active","Site"
"0X4046","City","London","Site"
"0X4046","State","Greater London","Site"
"0X4046","Country","UK","Site"
"0X4046","site_active_dt","2012-03-01","Site"
"0X1330","studyid","AA-AA-000-0000","Site"
"0X1330","invid","0X1330","Site"
"0X1330","InvestigatorFirstName","Joanne","Site"
"0X1330","InvestigatorLastName","Deer","Site"
"0X1330","site_status","Active","Site"
"0X1330","City","Newtown Square","Site"
"0X1330","State","PA","Site"
"0X1330","Country","US","Site"
"0X1330","site_active_dt","2012-03-01","Site"
"0X492","studyid","AA-AA-000-0000","Site"
"0X492","invid","0X492","Site"
"0X492","InvestigatorFirstName","Joanne","Site"
"0X492","InvestigatorLastName","Doe","Site"
"0X492","site_status","Active","Site"
"0X492","City","Milton Keynes","Site"
"0X492","State","Buckinghamshire","Site"
"0X492","Country","UK","Site"
"0X492","site_active_dt","2012-03-01","Site"
"0X5224","studyid","AA-AA-000-0000","Site"
"0X5224","invid","0X5224","Site"
"0X5224","InvestigatorFirstName","Fred","Site"
"0X5224","InvestigatorLastName","Smith","Site"
"0X5224","site_status","Active","Site"
"0X5224","City","Newtown Square","Site"
"0X5224","State","PA","Site"
"0X5224","Country","US","Site"
"0X5224","site_active_dt","2012-03-01","Site"
"0X769","studyid","AA-AA-000-0000","Site"
"0X769","invid","0X769","Site"
"0X769","InvestigatorFirstName","Joanne","Site"
"0X769","InvestigatorLastName","Doe","Site"
"0X769","site_status","Active","Site"
"0X769","City","London","Site"
"0X769","State","Greater London","Site"
"0X769","Country","UK","Site"
"0X769","site_active_dt","2012-03-01","Site"
"0X9417","studyid","AA-AA-000-0000","Site"
"0X9417","invid","0X9417","Site"
"0X9417","InvestigatorFirstName","John","Site"
"0X9417","InvestigatorLastName","Smith","Site"
"0X9417","site_status","Active","Site"
"0X9417","City","Kumamoto","Site"
"0X9417","State","Kumamoto Prefecture","Site"
"0X9417","Country","Japan","Site"
"0X9417","site_active_dt","2012-03-01","Site"
"0X7607","studyid","AA-AA-000-0000","Site"
"0X7607","invid","0X7607","Site"
"0X7607","InvestigatorFirstName","Joanne","Site"
"0X7607","InvestigatorLastName","Smith","Site"
"0X7607","site_status","Active","Site"
"0X7607","City","Foster City","Site"
"0X7607","State","CA","Site"
"0X7607","Country","US","Site"
"0X7607","site_active_dt","2012-03-01","Site"
"0X181","studyid","AA-AA-000-0000","Site"
"0X181","invid","0X181","Site"
"0X181","InvestigatorFirstName","Fred","Site"
"0X181","InvestigatorLastName","Deer","Site"
"0X181","site_status","Active","Site"
"0X181","City","Tokyo","Site"
"0X181","State","Kanto","Site"
"0X181","Country","Japan","Site"
"0X181","site_active_dt","2012-03-01","Site"
"0X020","studyid","AA-AA-000-0000","Site"
"0X020","invid","0X020","Site"
"0X020","InvestigatorFirstName","Fred","Site"
"0X020","InvestigatorLastName","Deer","Site"
"0X020","site_status","Active","Site"
"0X020","City","Newtown Square","Site"
"0X020","State","PA","Site"
"0X020","Country","US","Site"
"0X020","site_active_dt","2012-03-01","Site"
"0X7690","studyid","AA-AA-000-0000","Site"
"0X7690","invid","0X7690","Site"
"0X7690","InvestigatorFirstName","Fred","Site"
"0X7690","InvestigatorLastName","Doe","Site"
"0X7690","site_status","Active","Site"
"0X7690","City","Foster City","Site"
"0X7690","State","CA","Site"
"0X7690","Country","US","Site"
"0X7690","site_active_dt","2012-03-01","Site"
"0X4935","studyid","AA-AA-000-0000","Site"
"0X4935","invid","0X4935","Site"
"0X4935","InvestigatorFirstName","Joanne","Site"
"0X4935","InvestigatorLastName","Deer","Site"
"0X4935","site_status","Active","Site"
"0X4935","City","Milton Keynes","Site"
"0X4935","State","Buckinghamshire","Site"
"0X4935","Country","UK","Site"
"0X4935","site_active_dt","2012-03-01","Site"
"0X805","studyid","AA-AA-000-0000","Site"
"0X805","invid","0X805","Site"
"0X805","InvestigatorFirstName","John","Site"
"0X805","InvestigatorLastName","Deer","Site"
"0X805","site_status","Active","Site"
"0X805","City","London","Site"
"0X805","State","Greater London","Site"
"0X805","Country","UK","Site"
"0X805","site_active_dt","2012-03-01","Site"
"0X525","studyid","AA-AA-000-0000","Site"
"0X525","invid","0X525","Site"
"0X525","InvestigatorFirstName","Joanne","Site"
"0X525","InvestigatorLastName","Doe","Site"
"0X525","site_status","Active","Site"
"0X525","City","Milton Keynes","Site"
"0X525","State","Buckinghamshire","Site"
"0X525","Country","UK","Site"
"0X525","site_active_dt","2012-03-01","Site"
"0X1302","studyid","AA-AA-000-0000","Site"
"0X1302","invid","0X1302","Site"
"0X1302","InvestigatorFirstName","Fred","Site"
"0X1302","InvestigatorLastName","Deer","Site"
"0X1302","site_status","Active","Site"
"0X1302","City","Newtown Square","Site"
"0X1302","State","PA","Site"
"0X1302","Country","US","Site"
"0X1302","site_active_dt","2012-03-01","Site"
"0X6305","studyid","AA-AA-000-0000","Site"
"0X6305","invid","0X6305","Site"
"0X6305","InvestigatorFirstName","Joanne","Site"
"0X6305","InvestigatorLastName","Deer","Site"
"0X6305","site_status","Active","Site"
"0X6305","City","London","Site"
"0X6305","State","Greater London","Site"
"0X6305","Country","UK","Site"
"0X6305","site_active_dt","2012-03-01","Site"
"0X8640","studyid","AA-AA-000-0000","Site"
"0X8640","invid","0X8640","Site"
"0X8640","InvestigatorFirstName","Joanne","Site"
"0X8640","InvestigatorLastName","Deer","Site"
"0X8640","site_status","Active","Site"
"0X8640","City","Tokyo","Site"
"0X8640","State","Kanto","Site"
"0X8640","Country","Japan","Site"
"0X8640","site_active_dt","2012-03-01","Site"
"0X3630","studyid","AA-AA-000-0000","Site"
"0X3630","invid","0X3630","Site"
"0X3630","InvestigatorFirstName","Fred","Site"
"0X3630","InvestigatorLastName","Deer","Site"
"0X3630","site_status","Active","Site"
"0X3630","City","Milton Keynes","Site"
"0X3630","State","Buckinghamshire","Site"
"0X3630","Country","UK","Site"
"0X3630","site_active_dt","2012-03-01","Site"
"0X2547","studyid","AA-AA-000-0000","Site"
"0X2547","invid","0X2547","Site"
"0X2547","InvestigatorFirstName","John","Site"
"0X2547","InvestigatorLastName","Smith","Site"
"0X2547","site_status","Active","Site"
"0X2547","City","Milton Keynes","Site"
"0X2547","State","Buckinghamshire","Site"
"0X2547","Country","UK","Site"
"0X2547","site_active_dt","2012-03-01","Site"
"0X6258","studyid","AA-AA-000-0000","Site"
"0X6258","invid","0X6258","Site"
"0X6258","InvestigatorFirstName","Joanne","Site"
"0X6258","InvestigatorLastName","Doe","Site"
"0X6258","site_status","Active","Site"
"0X6258","City","Foster City","Site"
"0X6258","State","CA","Site"
"0X6258","Country","US","Site"
"0X6258","site_active_dt","2012-03-01","Site"
"0X4739","studyid","AA-AA-000-0000","Site"
"0X4739","invid","0X4739","Site"
"0X4739","InvestigatorFirstName","John","Site"
"0X4739","InvestigatorLastName","Deer","Site"
"0X4739","site_status","Active","Site"
"0X4739","City","Milton Keynes","Site"
"0X4739","State","Buckinghamshire","Site"
"0X4739","Country","UK","Site"
"0X4739","site_active_dt","2012-03-01","Site"
"0X8085","studyid","AA-AA-000-0000","Site"
"0X8085","invid","0X8085","Site"
"0X8085","InvestigatorFirstName","Fred","Site"
"0X8085","InvestigatorLastName","Doe","Site"
"0X8085","site_status","Active","Site"
"0X8085","City","Newtown Square","Site"
"0X8085","State","PA","Site"
"0X8085","Country","US","Site"
"0X8085","site_active_dt","2012-03-01","Site"
"0X6375","studyid","AA-AA-000-0000","Site"
"0X6375","invid","0X6375","Site"
"0X6375","InvestigatorFirstName","John","Site"
"0X6375","InvestigatorLastName","Deer","Site"
"0X6375","site_status","Active","Site"
"0X6375","City","Kumamoto","Site"
"0X6375","State","Kumamoto Prefecture","Site"
"0X6375","Country","Japan","Site"
"0X6375","site_active_dt","2012-03-01","Site"
"0X1794","studyid","AA-AA-000-0000","Site"
"0X1794","invid","0X1794","Site"
"0X1794","InvestigatorFirstName","John","Site"
"0X1794","InvestigatorLastName","Smith","Site"
"0X1794","site_status","Active","Site"
"0X1794","City","London","Site"
"0X1794","State","Greater London","Site"
"0X1794","Country","UK","Site"
"0X1794","site_active_dt","2012-03-01","Site"
"0X1655","studyid","AA-AA-000-0000","Site"
"0X1655","invid","0X1655","Site"
"0X1655","InvestigatorFirstName","Fred","Site"
"0X1655","InvestigatorLastName","Deer","Site"
"0X1655","site_status","Active","Site"
"0X1655","City","Tokyo","Site"
"0X1655","State","Kanto","Site"
"0X1655","Country","Japan","Site"
"0X1655","site_active_dt","2012-03-01","Site"
"0X4974","studyid","AA-AA-000-0000","Site"
"0X4974","invid","0X4974","Site"
"0X4974","InvestigatorFirstName","Fred","Site"
"0X4974","InvestigatorLastName","Deer","Site"
"0X4974","site_status","Active","Site"
"0X4974","City","Milton Keynes","Site"
"0X4974","State","Buckinghamshire","Site"
"0X4974","Country","UK","Site"
"0X4974","site_active_dt","2012-03-01","Site"
"0X2884","studyid","AA-AA-000-0000","Site"
"0X2884","invid","0X2884","Site"
"0X2884","InvestigatorFirstName","Fred","Site"
"0X2884","InvestigatorLastName","Doe","Site"
"0X2884","site_status","Active","Site"
"0X2884","City","Milton Keynes","Site"
"0X2884","State","Buckinghamshire","Site"
"0X2884","Country","UK","Site"
"0X2884","site_active_dt","2012-03-01","Site"
"0X3028","studyid","AA-AA-000-0000","Site"
"0X3028","invid","0X3028","Site"
"0X3028","InvestigatorFirstName","John","Site"
"0X3028","InvestigatorLastName","Deer","Site"
"0X3028","site_status","Active","Site"
"0X3028","City","Milton Keynes","Site"
"0X3028","State","Buckinghamshire","Site"
"0X3028","Country","UK","Site"
"0X3028","site_active_dt","2012-03-01","Site"
"0X2258","studyid","AA-AA-000-0000","Site"
"0X2258","invid","0X2258","Site"
"0X2258","InvestigatorFirstName","John","Site"
"0X2258","InvestigatorLastName","Doe","Site"
"0X2258","site_status","Active","Site"
"0X2258","City","Tokyo","Site"
"0X2258","State","Kanto","Site"
"0X2258","Country","Japan","Site"
"0X2258","site_active_dt","2012-03-01","Site"
"0X7452","studyid","AA-AA-000-0000","Site"
"0X7452","invid","0X7452","Site"
"0X7452","InvestigatorFirstName","John","Site"
"0X7452","InvestigatorLastName","Smith","Site"
"0X7452","site_status","Active","Site"
"0X7452","City","Tokyo","Site"
"0X7452","State","Kanto","Site"
"0X7452","Country","Japan","Site"
"0X7452","site_active_dt","2012-03-01","Site"
"0X2614","studyid","AA-AA-000-0000","Site"
"0X2614","invid","0X2614","Site"
"0X2614","InvestigatorFirstName","Fred","Site"
"0X2614","InvestigatorLastName","Doe","Site"
"0X2614","site_status","Active","Site"
"0X2614","City","Kumamoto","Site"
"0X2614","State","Kumamoto Prefecture","Site"
"0X2614","Country","Japan","Site"
"0X2614","site_active_dt","2012-03-01","Site"
"0X5834","studyid","AA-AA-000-0000","Site"
"0X5834","invid","0X5834","Site"
"0X5834","InvestigatorFirstName","John","Site"
"0X5834","InvestigatorLastName","Smith","Site"
"0X5834","site_status","Active","Site"
"0X5834","City","London","Site"
"0X5834","State","Greater London","Site"
"0X5834","Country","UK","Site"
"0X5834","site_active_dt","2012-03-01","Site"
"0X7271","studyid","AA-AA-000-0000","Site"
"0X7271","invid","0X7271","Site"
"0X7271","InvestigatorFirstName","John","Site"
"0X7271","InvestigatorLastName","Deer","Site"
"0X7271","site_status","Active","Site"
"0X7271","City","Kumamoto","Site"
"0X7271","State","Kumamoto Prefecture","Site"
"0X7271","Country","Japan","Site"
"0X7271","site_active_dt","2012-03-01","Site"
"0X8705","studyid","AA-AA-000-0000","Site"
"0X8705","invid","0X8705","Site"
"0X8705","InvestigatorFirstName","John","Site"
"0X8705","InvestigatorLastName","Smith","Site"
"0X8705","site_status","Active","Site"
"0X8705","City","Tokyo","Site"
"0X8705","State","Kanto","Site"
"0X8705","Country","Japan","Site"
"0X8705","site_active_dt","2012-03-01","Site"
"0X7356","studyid","AA-AA-000-0000","Site"
"0X7356","invid","0X7356","Site"
"0X7356","InvestigatorFirstName","Fred","Site"
"0X7356","InvestigatorLastName","Doe","Site"
"0X7356","site_status","Active","Site"
"0X7356","City","Newtown Square","Site"
"0X7356","State","PA","Site"
"0X7356","Country","US","Site"
"0X7356","site_active_dt","2012-03-01","Site"
"0X4441","studyid","AA-AA-000-0000","Site"
"0X4441","invid","0X4441","Site"
"0X4441","InvestigatorFirstName","Fred","Site"
"0X4441","InvestigatorLastName","Doe","Site"
"0X4441","site_status","Active","Site"
"0X4441","City","Tokyo","Site"
"0X4441","State","Kanto","Site"
"0X4441","Country","Japan","Site"
"0X4441","site_active_dt","2012-03-01","Site"
"0X978","studyid","AA-AA-000-0000","Site"
"0X978","invid","0X978","Site"
"0X978","InvestigatorFirstName","Joanne","Site"
"0X978","InvestigatorLastName","Deer","Site"
"0X978","site_status","Active","Site"
"0X978","City","Tokyo","Site"
"0X978","State","Kanto","Site"
"0X978","Country","Japan","Site"
"0X978","site_active_dt","2012-03-01","Site"
"0X6103","studyid","AA-AA-000-0000","Site"
"0X6103","invid","0X6103","Site"
"0X6103","InvestigatorFirstName","John","Site"
"0X6103","InvestigatorLastName","Deer","Site"
"0X6103","site_status","Active","Site"
"0X6103","City","Newtown Square","Site"
"0X6103","State","PA","Site"
"0X6103","Country","US","Site"
"0X6103","site_active_dt","2012-03-01","Site"
"0X1958","studyid","AA-AA-000-0000","Site"
"0X1958","invid","0X1958","Site"
"0X1958","InvestigatorFirstName","Joanne","Site"
"0X1958","InvestigatorLastName","Smith","Site"
"0X1958","site_status","Active","Site"
"0X1958","City","Kumamoto","Site"
"0X1958","State","Kumamoto Prefecture","Site"
"0X1958","Country","Japan","Site"
"0X1958","site_active_dt","2012-03-01","Site"
"0X6072","studyid","AA-AA-000-0000","Site"
"0X6072","invid","0X6072","Site"
"0X6072","InvestigatorFirstName","John","Site"
"0X6072","InvestigatorLastName","Deer","Site"
"0X6072","site_status","Active","Site"
"0X6072","City","Milton Keynes","Site"
"0X6072","State","Buckinghamshire","Site"
"0X6072","Country","UK","Site"
"0X6072","site_active_dt","2012-03-01","Site"
"0X2026","studyid","AA-AA-000-0000","Site"
"0X2026","invid","0X2026","Site"
"0X2026","InvestigatorFirstName","Joanne","Site"
"0X2026","InvestigatorLastName","Doe","Site"
"0X2026","site_status","Active","Site"
"0X2026","City","Foster City","Site"
"0X2026","State","CA","Site"
"0X2026","Country","US","Site"
"0X2026","site_active_dt","2012-03-01","Site"
"0X6959","studyid","AA-AA-000-0000","Site"
"0X6959","invid","0X6959","Site"
"0X6959","InvestigatorFirstName","Joanne","Site"
"0X6959","InvestigatorLastName","Doe","Site"
"0X6959","site_status","Active","Site"
"0X6959","City","Milton Keynes","Site"
"0X6959","State","Buckinghamshire","Site"
"0X6959","Country","UK","Site"
"0X6959","site_active_dt","2012-03-01","Site"
"0X2256","studyid","AA-AA-000-0000","Site"
"0X2256","invid","0X2256","Site"
"0X2256","InvestigatorFirstName","Joanne","Site"
"0X2256","InvestigatorLastName","Smith","Site"
"0X2256","site_status","Active","Site"
"0X2256","City","Newtown Square","Site"
"0X2256","State","PA","Site"
"0X2256","Country","US","Site"
"0X2256","site_active_dt","2012-03-01","Site"
"0X7012","studyid","AA-AA-000-0000","Site"
"0X7012","invid","0X7012","Site"
"0X7012","InvestigatorFirstName","John","Site"
"0X7012","InvestigatorLastName","Smith","Site"
"0X7012","site_status","Active","Site"
"0X7012","City","Milton Keynes","Site"
"0X7012","State","Buckinghamshire","Site"
"0X7012","Country","UK","Site"
"0X7012","site_active_dt","2012-03-01","Site"
"0X8454","studyid","AA-AA-000-0000","Site"
"0X8454","invid","0X8454","Site"
"0X8454","InvestigatorFirstName","Fred","Site"
"0X8454","InvestigatorLastName","Doe","Site"
"0X8454","site_status","Active","Site"
"0X8454","City","Milton Keynes","Site"
"0X8454","State","Buckinghamshire","Site"
"0X8454","Country","UK","Site"
"0X8454","site_active_dt","2012-03-01","Site"
"0X9433","studyid","AA-AA-000-0000","Site"
"0X9433","invid","0X9433","Site"
"0X9433","InvestigatorFirstName","Fred","Site"
"0X9433","InvestigatorLastName","Doe","Site"
"0X9433","site_status","Active","Site"
"0X9433","City","Tokyo","Site"
"0X9433","State","Kanto","Site"
"0X9433","Country","Japan","Site"
"0X9433","site_active_dt","2012-03-01","Site"
"0X077","studyid","AA-AA-000-0000","Site"
"0X077","invid","0X077","Site"
"0X077","InvestigatorFirstName","John","Site"
"0X077","InvestigatorLastName","Doe","Site"
"0X077","site_status","Active","Site"
"0X077","City","Kumamoto","Site"
"0X077","State","Kumamoto Prefecture","Site"
"0X077","Country","Japan","Site"
"0X077","site_active_dt","2012-03-01","Site"
"0X7567","studyid","AA-AA-000-0000","Site"
"0X7567","invid","0X7567","Site"
"0X7567","InvestigatorFirstName","Joanne","Site"
"0X7567","InvestigatorLastName","Deer","Site"
"0X7567","site_status","Active","Site"
"0X7567","City","Kumamoto","Site"
"0X7567","State","Kumamoto Prefecture","Site"
"0X7567","Country","Japan","Site"
"0X7567","site_active_dt","2012-03-01","Site"
"0X9144","studyid","AA-AA-000-0000","Site"
"0X9144","invid","0X9144","Site"
"0X9144","InvestigatorFirstName","John","Site"
"0X9144","InvestigatorLastName","Doe","Site"
"0X9144","site_status","Active","Site"
"0X9144","City","Tokyo","Site"
"0X9144","State","Kanto","Site"
"0X9144","Country","Japan","Site"
"0X9144","site_active_dt","2012-03-01","Site"
"0X4511","studyid","AA-AA-000-0000","Site"
"0X4511","invid","0X4511","Site"
"0X4511","InvestigatorFirstName","Fred","Site"
"0X4511","InvestigatorLastName","Doe","Site"
"0X4511","site_status","Active","Site"
"0X4511","City","Kumamoto","Site"
"0X4511","State","Kumamoto Prefecture","Site"
"0X4511","Country","Japan","Site"
"0X4511","site_active_dt","2012-03-01","Site"
"0X8149","studyid","AA-AA-000-0000","Site"
"0X8149","invid","0X8149","Site"
"0X8149","InvestigatorFirstName","John","Site"
"0X8149","InvestigatorLastName","Smith","Site"
"0X8149","site_status","Active","Site"
"0X8149","City","Kumamoto","Site"
"0X8149","State","Kumamoto Prefecture","Site"
"0X8149","Country","Japan","Site"
"0X8149","site_active_dt","2012-03-01","Site"
"0X6558","studyid","AA-AA-000-0000","Site"
"0X6558","invid","0X6558","Site"
"0X6558","InvestigatorFirstName","Joanne","Site"
"0X6558","InvestigatorLastName","Doe","Site"
"0X6558","site_status","Active","Site"
"0X6558","City","Newtown Square","Site"
"0X6558","State","PA","Site"
"0X6558","Country","US","Site"
"0X6558","site_active_dt","2012-03-01","Site"
"0X7206","ParticipantCount","9","Site"
"0X7206","SiteCount","1","Site"
"0X7543","ParticipantCount","7","Site"
"0X7543","SiteCount","1","Site"
"0X5053","ParticipantCount","7","Site"
"0X5053","SiteCount","1","Site"
"0X8213","ParticipantCount","7","Site"
"0X8213","SiteCount","1","Site"
"0X8705","ParticipantCount","2","Site"
"0X8705","SiteCount","1","Site"
"0X4621","ParticipantCount","16","Site"
"0X4621","SiteCount","1","Site"
"0X1570","ParticipantCount","5","Site"
"0X1570","SiteCount","1","Site"
"0X7012","ParticipantCount","2","Site"
"0X7012","SiteCount","1","Site"
"0X1302","ParticipantCount","1","Site"
"0X1302","SiteCount","1","Site"
"0X4511","ParticipantCount","2","Site"
"0X4511","SiteCount","1","Site"
"0X978","ParticipantCount","1","Site"
"0X978","SiteCount","1","Site"
"0X9433","ParticipantCount","2","Site"
"0X9433","SiteCount","1","Site"
"0X7795","ParticipantCount","7","Site"
"0X7795","SiteCount","1","Site"
"0X1154","ParticipantCount","7","Site"
"0X1154","SiteCount","1","Site"
"0X5558","ParticipantCount","8","Site"
"0X5558","SiteCount","1","Site"
"0X4343","ParticipantCount","7","Site"
"0X4343","SiteCount","1","Site"
"0X2884","ParticipantCount","1","Site"
"0X2884","SiteCount","1","Site"
"0X4148","ParticipantCount","5","Site"
"0X4148","SiteCount","1","Site"
"0X5362","ParticipantCount","2","Site"
"0X5362","SiteCount","1","Site"
"0X6774","ParticipantCount","13","Site"
"0X6774","SiteCount","1","Site"
"0X3333","ParticipantCount","2","Site"
"0X3333","SiteCount","1","Site"
"0X020","ParticipantCount","2","Site"
"0X020","SiteCount","1","Site"
"0X5834","ParticipantCount","3","Site"
"0X5834","SiteCount","1","Site"
"0X1958","ParticipantCount","2","Site"
"0X1958","SiteCount","1","Site"
"0X108","ParticipantCount","12","Site"
"0X108","SiteCount","1","Site"
"0X7690","ParticipantCount","7","Site"
"0X7690","SiteCount","1","Site"
"0X6937","ParticipantCount","6","Site"
"0X6937","SiteCount","1","Site"
"0X8950","ParticipantCount","9","Site"
"0X8950","SiteCount","1","Site"
"0X2547","ParticipantCount","1","Site"
"0X2547","SiteCount","1","Site"
"0X077","ParticipantCount","1","Site"
"0X077","SiteCount","1","Site"
"0X1167","ParticipantCount","4","Site"
"0X1167","SiteCount","1","Site"
"0X7452","ParticipantCount","2","Site"
"0X7452","SiteCount","1","Site"
"0X5171","ParticipantCount","7","Site"
"0X5171","SiteCount","1","Site"
"0X8504","ParticipantCount","8","Site"
"0X8504","SiteCount","1","Site"
"0X5512","ParticipantCount","6","Site"
"0X5512","SiteCount","1","Site"
"0X6380","ParticipantCount","9","Site"
"0X6380","SiteCount","1","Site"
"0X1319","ParticipantCount","3","Site"
"0X1319","SiteCount","1","Site"
"0X8997","ParticipantCount","2","Site"
"0X8997","SiteCount","1","Site"
"0X6096","ParticipantCount","5","Site"
"0X6096","SiteCount","1","Site"
"0X1794","ParticipantCount","1","Site"
"0X1794","SiteCount","1","Site"
"0X5224","ParticipantCount","2","Site"
"0X5224","SiteCount","1","Site"
"0X1464","ParticipantCount","8","Site"
"0X1464","SiteCount","1","Site"
"0X181","ParticipantCount","1","Site"
"0X181","SiteCount","1","Site"
"0X1655","ParticipantCount","1","Site"
"0X1655","SiteCount","1","Site"
"0X8530","ParticipantCount","8","Site"
"0X8530","SiteCount","1","Site"
"0X3028","ParticipantCount","2","Site"
"0X3028","SiteCount","1","Site"
"0X4887","ParticipantCount","3","Site"
"0X4887","SiteCount","1","Site"
"0X4441","ParticipantCount","2","Site"
"0X4441","SiteCount","1","Site"
"0X9066","ParticipantCount","11","Site"
"0X9066","SiteCount","1","Site"
"0X6533","ParticipantCount","14","Site"
"0X6533","SiteCount","1","Site"
"0X2521","ParticipantCount","6","Site"
"0X2521","SiteCount","1","Site"
"0X2258","ParticipantCount","1","Site"
"0X2258","SiteCount","1","Site"
"0X2460","ParticipantCount","5","Site"
"0X2460","SiteCount","1","Site"
"0X1365","ParticipantCount","4","Site"
"0X1365","SiteCount","1","Site"
"0X2004","ParticipantCount","2","Site"
"0X2004","SiteCount","1","Site"
"0X7472","ParticipantCount","8","Site"
"0X7472","SiteCount","1","Site"
"0X2614","ParticipantCount","2","Site"
"0X2614","SiteCount","1","Site"
"0X1175","ParticipantCount","3","Site"
"0X1175","SiteCount","1","Site"
"0X2256","ParticipantCount","1","Site"
"0X2256","SiteCount","1","Site"
"0X2996","ParticipantCount","7","Site"
"0X2996","SiteCount","1","Site"
"0X6959","ParticipantCount","1","Site"
"0X6959","SiteCount","1","Site"
"0X7767","ParticipantCount","3","Site"
"0X7767","SiteCount","1","Site"
"0X3137","ParticipantCount","8","Site"
"0X3137","SiteCount","1","Site"
"0X6103","ParticipantCount","3","Site"
"0X6103","SiteCount","1","Site"
"0X2453","ParticipantCount","6","Site"
"0X2453","SiteCount","1","Site"
"0X6258","ParticipantCount","2","Site"
"0X6258","SiteCount","1","Site"
"0X7604","ParticipantCount","7","Site"
"0X7604","SiteCount","1","Site"
"0X9417","ParticipantCount","2","Site"
"0X9417","SiteCount","1","Site"
"0X1903","ParticipantCount","11","Site"
"0X1903","SiteCount","1","Site"
"0X930","ParticipantCount","7","Site"
"0X930","SiteCount","1","Site"
"0X5562","ParticipantCount","8","Site"
"0X5562","SiteCount","1","Site"
"0X6252","ParticipantCount","1","Site"
"0X6252","SiteCount","1","Site"
"0X1185","ParticipantCount","8","Site"
"0X1185","SiteCount","1","Site"
"0X5729","ParticipantCount","8","Site"
"0X5729","SiteCount","1","Site"
"0X2106","ParticipantCount","9","Site"
"0X2106","SiteCount","1","Site"
"0X5111","ParticipantCount","8","Site"
"0X5111","SiteCount","1","Site"
"0X3375","ParticipantCount","2","Site"
"0X3375","SiteCount","1","Site"
"0X2779","ParticipantCount","3","Site"
"0X2779","SiteCount","1","Site"
"0X5705","ParticipantCount","10","Site"
"0X5705","SiteCount","1","Site"
"0X9184","ParticipantCount","11","Site"
"0X9184","SiteCount","1","Site"
"0X8454","ParticipantCount","3","Site"
"0X8454","SiteCount","1","Site"
"0X525","ParticipantCount","3","Site"
"0X525","SiteCount","1","Site"
"0X769","ParticipantCount","3","Site"
"0X769","SiteCount","1","Site"
"0X9062","ParticipantCount","9","Site"
"0X9062","SiteCount","1","Site"
"0X2873","ParticipantCount","4","Site"
"0X2873","SiteCount","1","Site"
"0X1713","ParticipantCount","3","Site"
"0X1713","SiteCount","1","Site"
"0X958","ParticipantCount","3","Site"
"0X958","SiteCount","1","Site"
"0X5593","ParticipantCount","9","Site"
"0X5593","SiteCount","1","Site"
"0X4046","ParticipantCount","3","Site"
"0X4046","SiteCount","1","Site"
"0X5836","ParticipantCount","4","Site"
"0X5836","SiteCount","1","Site"
"0X9943","ParticipantCount","1","Site"
"0X9943","SiteCount","1","Site"
"0X8829","ParticipantCount","11","Site"
"0X8829","SiteCount","1","Site"
"0X8676","ParticipantCount","4","Site"
"0X8676","SiteCount","1","Site"
"0X3959","ParticipantCount","7","Site"
"0X3959","SiteCount","1","Site"
"0X1012","ParticipantCount","7","Site"
"0X1012","SiteCount","1","Site"
"0X6305","ParticipantCount","1","Site"
"0X6305","SiteCount","1","Site"
"0X7356","ParticipantCount","2","Site"
"0X7356","SiteCount","1","Site"
"0X8400","ParticipantCount","10","Site"
"0X8400","SiteCount","1","Site"
"0X2587","ParticipantCount","7","Site"
"0X2587","SiteCount","1","Site"
"0X4935","ParticipantCount","7","Site"
"0X4935","SiteCount","1","Site"
"0X2594","ParticipantCount","6","Site"
"0X2594","SiteCount","1","Site"
"0X2131","ParticipantCount","9","Site"
"0X2131","SiteCount","1","Site"
"0X8058","ParticipantCount","4","Site"
"0X8058","SiteCount","1","Site"
"0X9913","ParticipantCount","2","Site"
"0X9913","SiteCount","1","Site"
"0X2283","ParticipantCount","2","Site"
"0X2283","SiteCount","1","Site"
"0X8040","ParticipantCount","7","Site"
"0X8040","SiteCount","1","Site"
"0X4739","ParticipantCount","3","Site"
"0X4739","SiteCount","1","Site"
"0X6710","ParticipantCount","4","Site"
"0X6710","SiteCount","1","Site"
"0X9779","ParticipantCount","11","Site"
"0X9779","SiteCount","1","Site"
"0X2913","ParticipantCount","4","Site"
"0X2913","SiteCount","1","Site"
"0X6074","ParticipantCount","1","Site"
"0X6074","SiteCount","1","Site"
"0X492","ParticipantCount","4","Site"
"0X492","SiteCount","1","Site"
"0X8149","ParticipantCount","1","Site"
"0X8149","SiteCount","1","Site"
"0X7567","ParticipantCount","1","Site"
"0X7567","SiteCount","1","Site"
"0X1505","ParticipantCount","8","Site"
"0X1505","SiteCount","1","Site"
"0X8706","ParticipantCount","7","Site"
"0X8706","SiteCount","1","Site"
"0X1330","ParticipantCount","7","Site"
"0X1330","SiteCount","1","Site"
"0X1070","ParticipantCount","9","Site"
"0X1070","SiteCount","1","Site"
"0X8743","ParticipantCount","5","Site"
"0X8743","SiteCount","1","Site"
"0X9595","ParticipantCount","10","Site"
"0X9595","SiteCount","1","Site"
"0X6174","ParticipantCount","10","Site"
"0X6174","SiteCount","1","Site"
"0X9626","ParticipantCount","6","Site"
"0X9626","SiteCount","1","Site"
"0X4067","ParticipantCount","5","Site"
"0X4067","SiteCount","1","Site"
"0X4131","ParticipantCount","8","Site"
"0X4131","SiteCount","1","Site"
"0X805","ParticipantCount","4","Site"
"0X805","SiteCount","1","Site"
"0X6072","ParticipantCount","2","Site"
"0X6072","SiteCount","1","Site"
"0X2026","ParticipantCount","7","Site"
"0X2026","SiteCount","1","Site"
"0X6558","ParticipantCount","2","Site"
"0X6558","SiteCount","1","Site"
"0X1571","ParticipantCount","9","Site"
"0X1571","SiteCount","1","Site"
"0X8084","ParticipantCount","4","Site"
"0X8084","SiteCount","1","Site"
"0X3469","ParticipantCount","5","Site"
"0X3469","SiteCount","1","Site"
"0X9046","ParticipantCount","6","Site"
"0X9046","SiteCount","1","Site"
"0X4629","ParticipantCount","4","Site"
"0X4629","SiteCount","1","Site"
"0X2896","ParticipantCount","8","Site"
"0X2896","SiteCount","1","Site"
"0X9845","ParticipantCount","11","Site"
"0X9845","SiteCount","1","Site"
"0X853","ParticipantCount","12","Site"
"0X853","SiteCount","1","Site"
"0X5569","ParticipantCount","11","Site"
"0X5569","SiteCount","1","Site"
"0X707","ParticipantCount","4","Site"
"0X707","SiteCount","1","Site"
"0X9144","ParticipantCount","2","Site"
"0X9144","SiteCount","1","Site"
"0X5907","ParticipantCount","5","Site"
"0X5907","SiteCount","1","Site"
"0X7271","ParticipantCount","4","Site"
"0X7271","SiteCount","1","Site"
"0X5267","ParticipantCount","1","Site"
"0X5267","SiteCount","1","Site"
"0X8085","ParticipantCount","4","Site"
"0X8085","SiteCount","1","Site"
"0X7770","ParticipantCount","5","Site"
"0X7770","SiteCount","1","Site"
"0X2967","ParticipantCount","3","Site"
"0X2967","SiteCount","1","Site"
