"Threshold","Denominator","LogDenominator","Numerator","Metric","MetricID","StudyID","SnapshotDate"
-3,148,4.99721227376411,93.3691275167785,0.630872483221476,"Analysis_qtl0001","AA-AA-000-0000",2025-02-01
-3,149,5.00394630594546,94,0.630872483221476,"Analysis_qtl0001","AA-AA-000-0000",2025-02-01
-3,150,5.01063529409626,94.6308724832215,0.630872483221476,"Analysis_qtl0001","AA-AA-000-0000",2025-02-01
-2,148,4.99721227376411,93.3691275167785,0.630872483221476,"Analysis_qtl0001","AA-AA-000-0000",2025-02-01
-2,149,5.00394630594546,94,0.630872483221476,"Analysis_qtl0001","AA-AA-000-0000",2025-02-01
-2,150,5.01063529409626,94.6308724832215,0.630872483221476,"Analysis_qtl0001","AA-AA-000-0000",2025-02-01
2,148,4.99721227376411,93.3691275167785,0.630872483221476,"Analysis_qtl0001","AA-AA-000-0000",2025-02-01
2,149,5.00394630594546,94,0.630872483221476,"Analysis_qtl0001","AA-AA-000-0000",2025-02-01
2,150,5.01063529409626,94.6308724832215,0.630872483221476,"Analysis_qtl0001","AA-AA-000-0000",2025-02-01
3,148,4.99721227376411,93.3691275167785,0.630872483221476,"Analysis_qtl0001","AA-AA-000-0000",2025-02-01
3,149,5.00394630594546,94,0.630872483221476,"Analysis_qtl0001","AA-AA-000-0000",2025-02-01
3,150,5.01063529409626,94.6308724832215,0.630872483221476,"Analysis_qtl0001","AA-AA-000-0000",2025-02-01
0,148,4.99721227376411,93.3691275167785,0.630872483221476,"Analysis_qtl0001","AA-AA-000-0000",2025-02-01
0,149,5.00394630594546,94,0.630872483221476,"Analysis_qtl0001","AA-AA-000-0000",2025-02-01
0,150,5.01063529409626,94.6308724832215,0.630872483221476,"Analysis_qtl0001","AA-AA-000-0000",2025-02-01
-3,384,5.95064255258773,192.498701298701,0.501298701298701,"Analysis_qtl0001","AA-AA-000-0000",2025-03-01
-3,385,5.95324333428778,193,0.501298701298701,"Analysis_qtl0001","AA-AA-000-0000",2025-03-01
-3,386,5.95583736946483,193.501298701299,0.501298701298701,"Analysis_qtl0001","AA-AA-000-0000",2025-03-01
-2,384,5.95064255258773,192.498701298701,0.501298701298701,"Analysis_qtl0001","AA-AA-000-0000",2025-03-01
-2,385,5.95324333428778,193,0.501298701298701,"Analysis_qtl0001","AA-AA-000-0000",2025-03-01
-2,386,5.95583736946483,193.501298701299,0.501298701298701,"Analysis_qtl0001","AA-AA-000-0000",2025-03-01
2,384,5.95064255258773,192.498701298701,0.501298701298701,"Analysis_qtl0001","AA-AA-000-0000",2025-03-01
2,385,5.95324333428778,193,0.501298701298701,"Analysis_qtl0001","AA-AA-000-0000",2025-03-01
2,386,5.95583736946483,193.501298701299,0.501298701298701,"Analysis_qtl0001","AA-AA-000-0000",2025-03-01
3,384,5.95064255258773,192.498701298701,0.501298701298701,"Analysis_qtl0001","AA-AA-000-0000",2025-03-01
3,385,5.95324333428778,193,0.501298701298701,"Analysis_qtl0001","AA-AA-000-0000",2025-03-01
3,386,5.95583736946483,193.501298701299,0.501298701298701,"Analysis_qtl0001","AA-AA-000-0000",2025-03-01
0,384,5.95064255258773,192.498701298701,0.501298701298701,"Analysis_qtl0001","AA-AA-000-0000",2025-03-01
0,385,5.95324333428778,193,0.501298701298701,"Analysis_qtl0001","AA-AA-000-0000",2025-03-01
0,386,5.95583736946483,193.501298701299,0.501298701298701,"Analysis_qtl0001","AA-AA-000-0000",2025-03-01
-3,384,5.95064255258773,1.99480519480519,0.00519480519480519,"Analysis_qtl0002","AA-AA-000-0000",2025-03-01
-3,385,5.95324333428778,2,0.00519480519480519,"Analysis_qtl0002","AA-AA-000-0000",2025-03-01
-3,386,5.95583736946483,2.0051948051948,0.00519480519480519,"Analysis_qtl0002","AA-AA-000-0000",2025-03-01
-2,384,5.95064255258773,1.99480519480519,0.00519480519480519,"Analysis_qtl0002","AA-AA-000-0000",2025-03-01
-2,385,5.95324333428778,2,0.00519480519480519,"Analysis_qtl0002","AA-AA-000-0000",2025-03-01
-2,386,5.95583736946483,2.0051948051948,0.00519480519480519,"Analysis_qtl0002","AA-AA-000-0000",2025-03-01
2,384,5.95064255258773,1.99480519480519,0.00519480519480519,"Analysis_qtl0002","AA-AA-000-0000",2025-03-01
2,385,5.95324333428778,2,0.00519480519480519,"Analysis_qtl0002","AA-AA-000-0000",2025-03-01
2,386,5.95583736946483,2.0051948051948,0.00519480519480519,"Analysis_qtl0002","AA-AA-000-0000",2025-03-01
3,384,5.95064255258773,1.99480519480519,0.00519480519480519,"Analysis_qtl0002","AA-AA-000-0000",2025-03-01
3,385,5.95324333428778,2,0.00519480519480519,"Analysis_qtl0002","AA-AA-000-0000",2025-03-01
3,386,5.95583736946483,2.0051948051948,0.00519480519480519,"Analysis_qtl0002","AA-AA-000-0000",2025-03-01
0,384,5.95064255258773,1.99480519480519,0.00519480519480519,"Analysis_qtl0002","AA-AA-000-0000",2025-03-01
0,385,5.95324333428778,2,0.00519480519480519,"Analysis_qtl0002","AA-AA-000-0000",2025-03-01
0,386,5.95583736946483,2.0051948051948,0.00519480519480519,"Analysis_qtl0002","AA-AA-000-0000",2025-03-01
-3,737,6.60258789218934,270.632791327913,0.367208672086721,"Analysis_qtl0001","AA-AA-000-0000",2025-04-01
-3,738,6.60394382460047,271,0.367208672086721,"Analysis_qtl0001","AA-AA-000-0000",2025-04-01
-3,739,6.6052979209482,271.367208672087,0.367208672086721,"Analysis_qtl0001","AA-AA-000-0000",2025-04-01
-2,737,6.60258789218934,270.632791327913,0.367208672086721,"Analysis_qtl0001","AA-AA-000-0000",2025-04-01
-2,738,6.60394382460047,271,0.367208672086721,"Analysis_qtl0001","AA-AA-000-0000",2025-04-01
-2,739,6.6052979209482,271.367208672087,0.367208672086721,"Analysis_qtl0001","AA-AA-000-0000",2025-04-01
2,737,6.60258789218934,270.632791327913,0.367208672086721,"Analysis_qtl0001","AA-AA-000-0000",2025-04-01
2,738,6.60394382460047,271,0.367208672086721,"Analysis_qtl0001","AA-AA-000-0000",2025-04-01
2,739,6.6052979209482,271.367208672087,0.367208672086721,"Analysis_qtl0001","AA-AA-000-0000",2025-04-01
3,737,6.60258789218934,270.632791327913,0.367208672086721,"Analysis_qtl0001","AA-AA-000-0000",2025-04-01
3,738,6.60394382460047,271,0.367208672086721,"Analysis_qtl0001","AA-AA-000-0000",2025-04-01
3,739,6.6052979209482,271.367208672087,0.367208672086721,"Analysis_qtl0001","AA-AA-000-0000",2025-04-01
0,737,6.60258789218934,270.632791327913,0.367208672086721,"Analysis_qtl0001","AA-AA-000-0000",2025-04-01
0,738,6.60394382460047,271,0.367208672086721,"Analysis_qtl0001","AA-AA-000-0000",2025-04-01
0,739,6.6052979209482,271.367208672087,0.367208672086721,"Analysis_qtl0001","AA-AA-000-0000",2025-04-01
-3,737,6.60258789218934,5.99186991869919,0.00813008130081301,"Analysis_qtl0002","AA-AA-000-0000",2025-04-01
-3,738,6.60394382460047,6,0.00813008130081301,"Analysis_qtl0002","AA-AA-000-0000",2025-04-01
-3,739,6.6052979209482,6.00813008130081,0.00813008130081301,"Analysis_qtl0002","AA-AA-000-0000",2025-04-01
-2,737,6.60258789218934,5.99186991869919,0.00813008130081301,"Analysis_qtl0002","AA-AA-000-0000",2025-04-01
-2,738,6.60394382460047,6,0.00813008130081301,"Analysis_qtl0002","AA-AA-000-0000",2025-04-01
-2,739,6.6052979209482,6.00813008130081,0.00813008130081301,"Analysis_qtl0002","AA-AA-000-0000",2025-04-01
2,737,6.60258789218934,5.99186991869919,0.00813008130081301,"Analysis_qtl0002","AA-AA-000-0000",2025-04-01
2,738,6.60394382460047,6,0.00813008130081301,"Analysis_qtl0002","AA-AA-000-0000",2025-04-01
2,739,6.6052979209482,6.00813008130081,0.00813008130081301,"Analysis_qtl0002","AA-AA-000-0000",2025-04-01
3,737,6.60258789218934,5.99186991869919,0.00813008130081301,"Analysis_qtl0002","AA-AA-000-0000",2025-04-01
3,738,6.60394382460047,6,0.00813008130081301,"Analysis_qtl0002","AA-AA-000-0000",2025-04-01
3,739,6.6052979209482,6.00813008130081,0.00813008130081301,"Analysis_qtl0002","AA-AA-000-0000",2025-04-01
0,737,6.60258789218934,5.99186991869919,0.00813008130081301,"Analysis_qtl0002","AA-AA-000-0000",2025-04-01
0,738,6.60394382460047,6,0.00813008130081301,"Analysis_qtl0002","AA-AA-000-0000",2025-04-01
0,739,6.6052979209482,6.00813008130081,0.00813008130081301,"Analysis_qtl0002","AA-AA-000-0000",2025-04-01
