"GroupID","GroupLevel","Numerator","Denominator","Metric","Score","Flag","MetricID","SnapshotDate","StudyID"
"Japan","Country",127,775,0.163870967741935,-1.26036185904939,-1,"Analysis_cou0001",2025-02-01,"AA-AA-000-0000"
"US","Country",177,785,0.225477707006369,1.18591042429675,0,"Analysis_cou0001",2025-02-01,"AA-AA-000-0000"
"UK","Country",134,678,0.1976401179941,0.0714454323092611,0,"Analysis_cou0001",2025-02-01,"AA-AA-000-0000"
"UK","Country",15,678,0.0221238938053097,-1.30884623422663,-1,"Analysis_cou0002",2025-02-01,"AA-AA-000-0000"
"US","Country",24,785,0.0305732484076433,1.13118044960203,0,"Analysis_cou0002",2025-02-01,"AA-AA-000-0000"
"Japan","Country",21,775,0.0270967741935484,0.0857457030346668,0,"Analysis_cou0002",2025-02-01,"AA-AA-000-0000"
"Japan","Country",80,775,0.103225806451613,1.16692991066652,0,"Analysis_cou0003",2025-02-01,"AA-AA-000-0000"
"US","Country",80,785,0.101910828025478,0.0297300875168412,0,"Analysis_cou0003",2025-02-01,"AA-AA-000-0000"
"UK","Country",68,678,0.100294985250737,-1.27960568359479,0,"Analysis_cou0003",2025-02-01,"AA-AA-000-0000"
"UK","Country",70,678,0.103244837758112,1.4460270595611,0,"Analysis_cou0004",2025-02-01,"AA-AA-000-0000"
"US","Country",71,785,0.0904458598726115,-0.66561057828522,0,"Analysis_cou0004",2025-02-01,"AA-AA-000-0000"
"Japan","Country",70,775,0.0903225806451613,-0.682618708425047,0,"Analysis_cou0004",2025-02-01,"AA-AA-000-0000"
"Japan","Country",142,8902,0.0159514715794204,1.28241859776973,0,"Analysis_cou0005",2025-02-01,"AA-AA-000-0000"
"UK","Country",121,7914,0.0152893606267374,-0.0189674536991504,0,"Analysis_cou0005",2025-02-01,"AA-AA-000-0000"
"US","Country",155,10505,0.0147548786292242,-1.16406304631428,0,"Analysis_cou0005",2025-02-01,"AA-AA-000-0000"
"Japan","Country",0,49,0,NA,NA,"Analysis_cou0006",2025-02-01,"AA-AA-000-0000"
"UK","Country",0,43,0,NA,NA,"Analysis_cou0006",2025-02-01,"AA-AA-000-0000"
"US","Country",0,57,0,NA,NA,"Analysis_cou0006",2025-02-01,"AA-AA-000-0000"
"Japan","Country",1,49,0.0204081632653061,NA,NA,"Analysis_cou0007",2025-02-01,"AA-AA-000-0000"
"US","Country",1,57,0.0175438596491228,NA,NA,"Analysis_cou0007",2025-02-01,"AA-AA-000-0000"
"UK","Country",0,43,0,NA,NA,"Analysis_cou0007",2025-02-01,"AA-AA-000-0000"
"Japan","Country",784,12544,0.0625,0,0,"Analysis_cou0008",2025-02-01,"AA-AA-000-0000"
"UK","Country",688,11008,0.0625,0,0,"Analysis_cou0008",2025-02-01,"AA-AA-000-0000"
"US","Country",912,14592,0.0625,0,0,"Analysis_cou0008",2025-02-01,"AA-AA-000-0000"
"US","Country",704,912,0.771929824561403,1.21298823847009,0,"Analysis_cou0009",2025-02-01,"AA-AA-000-0000"
"UK","Country",513,688,0.745639534883721,-0.07945513427564,0,"Analysis_cou0009",2025-02-01,"AA-AA-000-0000"
"Japan","Country",565,784,0.720663265306122,-1.23383403056103,0,"Analysis_cou0009",2025-02-01,"AA-AA-000-0000"
"US","Country",11,3648,0.00301535087719298,NA,NA,"Analysis_cou0010",2025-02-01,"AA-AA-000-0000"
"Japan","Country",5,3136,0.00159438775510204,NA,NA,"Analysis_cou0010",2025-02-01,"AA-AA-000-0000"
"UK","Country",4,2752,0.00145348837209302,NA,NA,"Analysis_cou0010",2025-02-01,"AA-AA-000-0000"
"UK","Country",7499,11008,0.681231831395349,1.3541556574153,0,"Analysis_cou0011",2025-02-01,"AA-AA-000-0000"
"US","Country",9856,14592,0.675438596491228,-0.190585536940393,0,"Analysis_cou0011",2025-02-01,"AA-AA-000-0000"
"Japan","Country",8433,12544,0.672273596938776,-1.06298617516846,0,"Analysis_cou0011",2025-02-01,"AA-AA-000-0000"
"US","Country",22,79,0.278481012658228,1.33033156694011,0,"Analysis_cou0012",2025-02-01,"AA-AA-000-0000"
"UK","Country",11,54,0.203703703703704,-0.668003508292979,0,"Analysis_cou0012",2025-02-01,"AA-AA-000-0000"
"Japan","Country",12,61,0.19672131147541,-0.885431665861885,0,"Analysis_cou0012",2025-02-01,"AA-AA-000-0000"
"Japan","Country",344,353,0.974504249291785,0.974504249291785,0,"Analysis_cou0013",2025-02-01,"AA-AA-000-0000"
"UK","Country",281,290,0.968965517241379,0.968965517241379,0,"Analysis_cou0013",2025-02-01,"AA-AA-000-0000"
"US","Country",362,381,0.950131233595801,0.950131233595801,0,"Analysis_cou0013",2025-02-01,"AA-AA-000-0000"
"UK","Country",32,43,0.744186046511628,32,2,"Analysis_cou0014",2025-02-01,"AA-AA-000-0000"
"Japan","Country",31,49,0.63265306122449,31,2,"Analysis_cou0014",2025-02-01,"AA-AA-000-0000"
"US","Country",31,57,0.543859649122807,31,2,"Analysis_cou0014",2025-02-01,"AA-AA-000-0000"
"US","Country",1,57,0.0175438596491228,1,1,"Analysis_cou0015",2025-02-01,"AA-AA-000-0000"
"Japan","Country",0,49,0,0,0,"Analysis_cou0015",2025-02-01,"AA-AA-000-0000"
"UK","Country",0,43,0,0,0,"Analysis_cou0015",2025-02-01,"AA-AA-000-0000"
"US","Country",5,57,0.087719298245614,1.01162978957899,0,"Analysis_cou0019",2025-02-01,"AA-AA-000-0000"
"UK","Country",3,43,0.0697674418604651,0.301222962268436,0,"Analysis_cou0019",2025-02-01,"AA-AA-000-0000"
"Japan","Country",1,49,0.0204081632653061,NA,NA,"Analysis_cou0019",2025-02-01,"AA-AA-000-0000"
"Japan","Country",335,3250,0.103076923076923,-1.3964837755709,-1,"Analysis_cou0001",2025-03-01,"AA-AA-000-0000"
"UK","Country",395,3265,0.120980091883614,0.92382362553194,0,"Analysis_cou0001",2025-03-01,"AA-AA-000-0000"
"US","Country",429,3664,0.117085152838428,0.443151185800365,0,"Analysis_cou0001",2025-03-01,"AA-AA-000-0000"
"US","Country",56,3664,0.0152838427947598,-1.38485922756922,-1,"Analysis_cou0002",2025-03-01,"AA-AA-000-0000"
"Japan","Country",56,3250,0.0172307692307692,0.775904780665818,0,"Analysis_cou0002",2025-03-01,"AA-AA-000-0000"
"UK","Country",56,3265,0.0171516079632466,0.69291896435031,0,"Analysis_cou0002",2025-03-01,"AA-AA-000-0000"
"UK","Country",189,3265,0.0578866768759571,1.36432407596798,0,"Analysis_cou0003",2025-03-01,"AA-AA-000-0000"
"Japan","Country",180,3250,0.0553846153846154,-0.271872016381919,0,"Analysis_cou0003",2025-03-01,"AA-AA-000-0000"
"US","Country",199,3664,0.0543122270742358,-1.03184563886395,0,"Analysis_cou0003",2025-03-01,"AA-AA-000-0000"
"UK","Country",209,3265,0.0640122511485452,1.4209958857874,0,"Analysis_cou0004",2025-03-01,"AA-AA-000-0000"
"Japan","Country",175,3250,0.0538461538461538,-0.549369152558798,0,"Analysis_cou0004",2025-03-01,"AA-AA-000-0000"
"US","Country",193,3664,0.052674672489083,-0.823992856032202,0,"Analysis_cou0004",2025-03-01,"AA-AA-000-0000"
"UK","Country",371,24387,0.0152130233321032,1.00717924967987,0,"Analysis_cou0005",2025-03-01,"AA-AA-000-0000"
"Japan","Country",321,21456,0.0149608501118568,0.400734143333768,0,"Analysis_cou0005",2025-03-01,"AA-AA-000-0000"
"US","Country",363,25561,0.0142013223269825,-1.35092638784681,0,"Analysis_cou0005",2025-03-01,"AA-AA-000-0000"
"US","Country",2,136,0.0147058823529412,NA,NA,"Analysis_cou0006",2025-03-01,"AA-AA-000-0000"
"UK","Country",0,133,0,NA,NA,"Analysis_cou0006",2025-03-01,"AA-AA-000-0000"
"Japan","Country",0,116,0,NA,NA,"Analysis_cou0006",2025-03-01,"AA-AA-000-0000"
"Japan","Country",7,116,0.0603448275862069,1.3689767873423,0,"Analysis_cou0007",2025-03-01,"AA-AA-000-0000"
"US","Country",4,136,0.0294117647058824,-0.242850919786528,0,"Analysis_cou0007",2025-03-01,"AA-AA-000-0000"
"UK","Country",2,133,0.0150375939849624,NA,NA,"Analysis_cou0007",2025-03-01,"AA-AA-000-0000"
"Japan","Country",2640,42240,0.0625,0,0,"Analysis_cou0008",2025-03-01,"AA-AA-000-0000"
"UK","Country",2816,45056,0.0625,0,0,"Analysis_cou0008",2025-03-01,"AA-AA-000-0000"
"US","Country",3088,49408,0.0625,0,0,"Analysis_cou0008",2025-03-01,"AA-AA-000-0000"
"UK","Country",2115,2816,0.751065340909091,0.736716070398955,0,"Analysis_cou0009",2025-03-01,"AA-AA-000-0000"
"US","Country",2316,3088,0.75,0.625491589957784,0,"Analysis_cou0009",2025-03-01,"AA-AA-000-0000"
"Japan","Country",1938,2640,0.734090909090909,-1.43736206381969,0,"Analysis_cou0009",2025-03-01,"AA-AA-000-0000"
"US","Country",26,12352,0.00210492227979275,NA,NA,"Analysis_cou0010",2025-03-01,"AA-AA-000-0000"
"Japan","Country",16,10560,0.00151515151515152,NA,NA,"Analysis_cou0010",2025-03-01,"AA-AA-000-0000"
"UK","Country",13,11264,0.00115411931818182,NA,NA,"Analysis_cou0010",2025-03-01,"AA-AA-000-0000"
"UK","Country",30398,45056,0.674671519886364,0.919579971802045,0,"Analysis_cou0011",2025-03-01,"AA-AA-000-0000"
"US","Country",33275,49408,0.67347393134715,0.421756488530649,0,"Analysis_cou0011",2025-03-01,"AA-AA-000-0000"
"Japan","Country",28266,42240,0.669176136363636,-1.40587842285272,0,"Analysis_cou0011",2025-03-01,"AA-AA-000-0000"
"US","Country",48,184,0.260869565217391,0.830036984316154,0,"Analysis_cou0012",2025-03-01,"AA-AA-000-0000"
"Japan","Country",40,156,0.256410256410256,0.566756366941777,0,"Analysis_cou0012",2025-03-01,"AA-AA-000-0000"
"UK","Country",36,169,0.21301775147929,-1.41061186199404,0,"Analysis_cou0012",2025-03-01,"AA-AA-000-0000"
"Japan","Country",831,883,0.941109852774632,0.941109852774632,0,"Analysis_cou0013",2025-03-01,"AA-AA-000-0000"
"UK","Country",726,774,0.937984496124031,0.937984496124031,0,"Analysis_cou0013",2025-03-01,"AA-AA-000-0000"
"US","Country",958,1036,0.924710424710425,0.924710424710425,0,"Analysis_cou0013",2025-03-01,"AA-AA-000-0000"
"UK","Country",72,133,0.541353383458647,72,2,"Analysis_cou0014",2025-03-01,"AA-AA-000-0000"
"Japan","Country",59,116,0.508620689655172,59,2,"Analysis_cou0014",2025-03-01,"AA-AA-000-0000"
"US","Country",62,136,0.455882352941176,62,2,"Analysis_cou0014",2025-03-01,"AA-AA-000-0000"
"US","Country",2,136,0.0147058823529412,2,2,"Analysis_cou0015",2025-03-01,"AA-AA-000-0000"
"Japan","Country",1,116,0.00862068965517241,1,1,"Analysis_cou0015",2025-03-01,"AA-AA-000-0000"
"UK","Country",0,133,0,0,0,"Analysis_cou0015",2025-03-01,"AA-AA-000-0000"
"UK","Country",14,133,0.105263157894737,1.30391867870343,0,"Analysis_cou0019",2025-03-01,"AA-AA-000-0000"
"US","Country",9,136,0.0661764705882353,-0.26547644657099,0,"Analysis_cou0019",2025-03-01,"AA-AA-000-0000"
"Japan","Country",5,116,0.0431034482758621,-1.10874629002507,0,"Analysis_cou0019",2025-03-01,"AA-AA-000-0000"
"Japan","Country",677,8487,0.0797690585601508,-1.4265342225145,-1,"Analysis_cou0001",2025-04-01,"AA-AA-000-0000"
"UK","Country",751,8576,0.0875699626865672,0.714388963517662,0,"Analysis_cou0001",2025-04-01,"AA-AA-000-0000"
"US","Country",818,9368,0.0873185311699402,0.674276294110302,0,"Analysis_cou0001",2025-04-01,"AA-AA-000-0000"
"UK","Country",109,8576,0.0127098880597015,1.39127766729177,0,"Analysis_cou0002",2025-04-01,"AA-AA-000-0000"
"Japan","Country",105,8487,0.0123718628490633,-0.399002212416738,0,"Analysis_cou0002",2025-04-01,"AA-AA-000-0000"
"US","Country",115,9368,0.0122758326216909,-0.951390396725617,0,"Analysis_cou0002",2025-04-01,"AA-AA-000-0000"
"Japan","Country",381,8487,0.0448921880523153,1.33172485535287,0,"Analysis_cou0003",2025-04-01,"AA-AA-000-0000"
"US","Country",391,9368,0.0417378309137489,-0.231295909349323,0,"Analysis_cou0003",2025-04-01,"AA-AA-000-0000"
"UK","Country",343,8576,0.0399953358208955,-1.08305637524261,0,"Analysis_cou0003",2025-04-01,"AA-AA-000-0000"
"UK","Country",384,8576,0.0447761194029851,1.41304001172511,0,"Analysis_cou0004",2025-04-01,"AA-AA-000-0000"
"US","Country",382,9368,0.0407771135781383,-0.564264928245859,0,"Analysis_cou0004",2025-04-01,"AA-AA-000-0000"
"Japan","Country",341,8487,0.0401790974431483,-0.827600758829757,0,"Analysis_cou0004",2025-04-01,"AA-AA-000-0000"
"Japan","Country",766,49968,0.0153298110790906,0.741815552415928,0,"Analysis_cou0005",2025-04-01,"AA-AA-000-0000"
"UK","Country",781,51009,0.0153110235448646,0.702947355497789,0,"Analysis_cou0005",2025-04-01,"AA-AA-000-0000"
"US","Country",780,53874,0.0144782269740506,-1.39841864317969,0,"Analysis_cou0005",2025-04-01,"AA-AA-000-0000"
"US","Country",3,256,0.01171875,1.20378658341741,0,"Analysis_cou0006",2025-04-01,"AA-AA-000-0000"
"Japan","Country",2,247,0.00809716599190283,NA,NA,"Analysis_cou0006",2025-04-01,"AA-AA-000-0000"
"UK","Country",1,235,0.00425531914893617,NA,NA,"Analysis_cou0006",2025-04-01,"AA-AA-000-0000"
"Japan","Country",11,247,0.0445344129554656,1.01807326274662,0,"Analysis_cou0007",2025-04-01,"AA-AA-000-0000"
"US","Country",9,256,0.03515625,0.309402160910837,0,"Analysis_cou0007",2025-04-01,"AA-AA-000-0000"
"UK","Country",3,235,0.0127659574468085,-1.36667374837748,0,"Analysis_cou0007",2025-04-01,"AA-AA-000-0000"
"Japan","Country",6592,105472,0.0625,0,0,"Analysis_cou0008",2025-04-01,"AA-AA-000-0000"
"UK","Country",6576,105216,0.0625,0,0,"Analysis_cou0008",2025-04-01,"AA-AA-000-0000"
"US","Country",7184,114944,0.0625,0,0,"Analysis_cou0008",2025-04-01,"AA-AA-000-0000"
"US","Country",5343,7184,0.743736080178174,0.750835677857398,0,"Analysis_cou0009",2025-04-01,"AA-AA-000-0000"
"Japan","Country",4902,6592,0.743628640776699,0.638652863302619,0,"Analysis_cou0009",2025-04-01,"AA-AA-000-0000"
"UK","Country",4872,6576,0.740875912408759,-1.42420795709468,0,"Analysis_cou0009",2025-04-01,"AA-AA-000-0000"
"US","Country",55,28736,0.00191397550111359,1.39077115854586,0,"Analysis_cou0010",2025-04-01,"AA-AA-000-0000"
"Japan","Country",38,26368,0.00144114077669903,-0.654410065493165,0,"Analysis_cou0010",2025-04-01,"AA-AA-000-0000"
"UK","Country",37,26304,0.0014066301703163,-0.798437881577665,0,"Analysis_cou0010",2025-04-01,"AA-AA-000-0000"
"US","Country",77311,114944,0.672597090757238,1.23855373280152,0,"Analysis_cou0011",2025-04-01,"AA-AA-000-0000"
"UK","Country",70699,105216,0.671941529805353,-0.0853068765440287,0,"Analysis_cou0011",2025-04-01,"AA-AA-000-0000"
"Japan","Country",70810,105472,0.671363015776699,-1.20776959217299,0,"Analysis_cou0011",2025-04-01,"AA-AA-000-0000"
"US","Country",100,356,0.280898876404494,0.953299665289874,0,"Analysis_cou0012",2025-04-01,"AA-AA-000-0000"
"Japan","Country",91,338,0.269230769230769,0.355394995646166,0,"Analysis_cou0012",2025-04-01,"AA-AA-000-0000"
"UK","Country",71,306,0.23202614379085,-1.40175395317005,0,"Analysis_cou0012",2025-04-01,"AA-AA-000-0000"
"UK","Country",1625,1733,0.937680323139065,0.937680323139065,0,"Analysis_cou0013",2025-04-01,"AA-AA-000-0000"
"US","Country",2007,2143,0.936537564162389,0.936537564162389,0,"Analysis_cou0013",2025-04-01,"AA-AA-000-0000"
"Japan","Country",1849,1979,0.934310257705912,0.934310257705912,0,"Analysis_cou0013",2025-04-01,"AA-AA-000-0000"
"Japan","Country",97,247,0.392712550607287,97,2,"Analysis_cou0014",2025-04-01,"AA-AA-000-0000"
"UK","Country",90,235,0.382978723404255,90,2,"Analysis_cou0014",2025-04-01,"AA-AA-000-0000"
"US","Country",84,256,0.328125,84,2,"Analysis_cou0014",2025-04-01,"AA-AA-000-0000"
"US","Country",4,256,0.015625,4,2,"Analysis_cou0015",2025-04-01,"AA-AA-000-0000"
"UK","Country",1,235,0.00425531914893617,1,1,"Analysis_cou0015",2025-04-01,"AA-AA-000-0000"
"Japan","Country",1,247,0.00404858299595142,1,1,"Analysis_cou0015",2025-04-01,"AA-AA-000-0000"
"UK","Country",22,235,0.0936170212765957,1.15489945686823,0,"Analysis_cou0019",2025-04-01,"AA-AA-000-0000"
"US","Country",20,256,0.078125,0.152523812023559,0,"Analysis_cou0019",2025-04-01,"AA-AA-000-0000"
"Japan","Country",14,247,0.0566801619433198,-1.28177366617171,0,"Analysis_cou0019",2025-04-01,"AA-AA-000-0000"
